ticket_id,customer_id,created_at,updated_at,category,subcategory,priority,status,subject,description,channel,agent,first_response_at,resolved_at,satisfaction_score
TKT-00001,CUST-6351,2025-03-25 07:31:00,2025-03-25 13:17:00,Product Issue,,Low,Open,Packaging was broken,The product stopped working after just two days of normal use.,Email,James Wilson,2025-03-25 12:20:00,,4.3
TKT-00002,CUST-4174,2025-06-14 12:12:00,2025-06-16 11:06:00,Technical Issue,,Medium,Resolved,Mobile app freeze,The mobile app freezes frequently and I have to force close it to continue.,Phone,Mike Chen,2025-06-14 15:39:00,2025-06-15 12:26:00,2.8
TKT-00003,CUST-5466,2025-02-11 17:10:00,2025-02-15 09:40:00,Technical Issue,,Medium,Resolved,App crashes on login,I've been experiencing slow loading times for the past week. Pages take over 30 seconds to load.,Email,Anna Martinez,2025-02-12 01:56:00,2025-02-14 16:37:00,2.8
TKT-00004,CUST-4729,2025-06-26 17:14:00,2025-06-27 06:11:00,Billing,,Medium,Resolved,Unexpected fee on my account,I see a $49.99 charge but my plan should be $29.99. Please explain this discrepancy.,Chat,Emily Rodriguez,2025-06-27 02:19:00,2025-06-26 19:37:00,3.3
TKT-00005,CUST-5435,2025-03-28 13:05:00,2025-04-01 03:11:00,Account Access,,Critical,Closed,Permission denied,I need to update my email address but the system won't let me verify the new one.,Email,Mike Chen,2025-03-28 14:34:00,2025-03-31 11:25:00,3.7
TKT-00006,CUST-8482,2025-03-18 04:32:00,2025-03-20 04:59:00,Account Access,,Medium,Open,Cannot change email,My account shows as suspended but I haven't violated any terms.,Chat,James Wilson,2025-03-18 12:32:00,,4.6
TKT-00007,CUST-8337,2025-03-16 05:28:00,2025-03-17 06:35:00,Shipping,,Medium,In Progress,International shipping delay,I need to return an item but haven't received a shipping label after requesting one.,Chat,Rachel Green,2025-03-16 11:55:00,,3.5
TKT-00008,CUST-8606,2025-06-05 14:18:00,2025-06-08 23:07:00,Product Issue,,Medium,In Progress,Missing manual/instructions,Missing several components that were listed in the product description.,Chat,James Wilson,2025-06-05 15:13:00,,4.4
TKT-00009,CUST-1525,2025-01-25 14:51:00,2025-01-26 08:59:00,Product Issue,,Low,In Progress,Missing items in order,I ordered size Large but received a Medium. The label on the product says Medium.,Phone,Mike Chen,2025-01-25 20:50:00,,4.5
TKT-00010,CUST-2646,2025-06-29 09:21:00,2025-07-02 22:03:00,Billing,,High,Open,Charge after cancellation,The promotional pricing I signed up for is not reflected in my latest bill.,Email,Sarah Johnson,2025-06-29 17:08:00,,2.9
TKT-00011,CUST-7678,2025-02-03 15:04:00,2025-02-06 08:59:00,Product Issue,,Medium,Resolved,Quality below expectations,The product stopped working after just two days of normal use.,Phone,Emily Rodriguez,2025-02-03 23:32:00,2025-02-05 17:55:00,3.6
TKT-00012,CUST-1123,2025-05-17 08:33:00,2025-05-19 05:48:00,Account Access,,Medium,Open,Profile not updating,I can't access my account even though I'm using the correct credentials.,Email,Tom Baker,2025-05-17 19:05:00,,3.6
TKT-00013,CUST-3299,2025-04-21 23:03:00,2025-04-24 13:13:00,Product Issue,,High,Closed,Product arrived damaged,The product quality is significantly lower than what was advertised on the website.,Phone,David Kim,2025-04-21 23:47:00,2025-04-23 16:48:00,3.2
TKT-00014,CUST-6966,2025-02-19 03:05:00,2025-02-21 08:44:00,Account Access,,Low,In Progress,Cannot access my account,I've been locked out of my account after entering my password incorrectly a few times.,Chat,Rachel Green,2025-02-19 09:47:00,,3.3
TKT-00015,CUST-1555,2025-04-02 06:28:00,2025-04-03 15:01:00,Account Access,,Medium,Resolved,Profile not updating,I need to update my email address but the system won't let me verify the new one.,Email,Chris Lee,2025-04-02 15:32:00,2025-04-03 01:24:00,4.0
TKT-00016,CUST-1804,2025-05-27 18:15:00,2025-05-30 12:30:00,Login,,Medium,Resolved,Social login not working,I can't create a new account. It says my email is already registered.,Email,Chris Lee,2025-05-27 18:42:00,2025-05-29 15:44:00,3.9
TKT-00017,CUST-2918,2025-05-24 12:05:00,2025-05-25 09:14:00,Product Issue,,Critical,Resolved,Color different from listing,Missing several components that were listed in the product description.,Web,Sarah Johnson,2025-05-24 17:08:00,2025-05-24 13:55:00,4.3
TKT-00018,CUST-3907,2025-01-29 08:58:00,2025-02-01 17:27:00,Billing,,High,Resolved,Tax calculation error,I noticed an unexpected charge on my account this month. The amount doesn't match my subscription plan.,Web,Anna Martinez,2025-01-29 18:24:00,2025-01-31 22:46:00,3.8
TKT-00019,CUST-6522,2025-04-15 08:29:00,2025-04-17 05:48:00,Product Issue,,Medium,Resolved,Packaging was broken,Missing several components that were listed in the product description.,Chat,Anna Martinez,2025-04-15 18:17:00,2025-04-16 19:26:00,4.2
TKT-00020,CUST-7411,2025-05-10 04:57:00,2025-05-10 18:18:00,Account Access,,Critical,Closed,Account verification failed,The two-factor authentication codes from my authenticator app are not being accepted.,Web,David Kim,2025-05-10 06:35:00,2025-05-10 17:49:00,3.3
TKT-00021,CUST-4603,2025-02-24 19:59:00,2025-02-28 16:35:00,Refund,,High,Resolved,Want refund for defective product,It's been over a month since I returned the defective product. No refund or update.,Phone,Tom Baker,2025-02-24 22:39:00,2025-02-27 18:00:00,5.0
TKT-00022,CUST-5714,2025-06-02 11:52:00,2025-06-03 18:55:00,Account Access,,Critical,In Progress,Account verification failed,I can't access my account even though I'm using the correct credentials.,Chat,David Kim,2025-06-02 23:30:00,,3.4
TKT-00023,CUST-6038,2025-05-27 14:27:00,2025-05-29 09:36:00,Billing,,High,Open,Promotional pricing not applied,I noticed an unexpected charge on my account this month. The amount doesn't match my subscription plan.,Phone,Lisa Thompson,2025-05-28 01:29:00,,3.7
TKT-00024,CUST-4469,2025-05-15 05:04:00,2025-05-16 14:39:00,Billing,,Medium,Open,Promotional pricing not applied,The promotional pricing I signed up for is not reflected in my latest bill.,Chat,Mike Chen,2025-05-15 07:44:00,,4.6
TKT-00025,CUST-8312,2025-02-26 21:47:00,2025-03-01 09:03:00,Billing,,High,Resolved,Monthly bill too high,I was charged twice for the same transaction. I need an immediate refund for the duplicate charge.,Email,Rachel Green,2025-02-27 04:55:00,2025-02-28 19:38:00,3.9
TKT-00026,CUST-5103,2025-03-31 20:24:00,2025-04-02 17:32:00,Shipping,,Medium,Resolved,Delivery attempted but no notice,The shipping address was changed without my authorization and the package went to the wrong location.,Email,Chris Lee,2025-04-01 05:18:00,2025-04-01 23:57:00,4.0
TKT-00027,CUST-5858,2025-02-28 08:11:00,2025-03-03 13:55:00,Account Access,,High,Closed,Cannot access my account,The two-factor authentication codes from my authenticator app are not being accepted.,Email,Lisa Thompson,2025-02-28 08:26:00,2025-03-03 02:34:00,5.0
TKT-00028,CUST-2611,2025-05-15 11:18:00,2025-05-16 09:20:00,Billing,,High,Resolved,Billing discrepancy,My invoice shows a different amount than what was agreed upon. Please review and correct.,Web,Mike Chen,2025-05-15 15:17:00,2025-05-15 19:39:00,5.0
TKT-00029,CUST-1695,2025-03-07 11:48:00,2025-03-08 14:08:00,Subscription,,High,Resolved,Features missing from plan,I tried to cancel my subscription but the cancel button is not working.,Phone,Chris Lee,2025-03-07 14:52:00,2025-03-07 21:03:00,3.6
TKT-00030,CUST-7038,2025-01-05 06:54:00,2025-01-06 18:58:00,Billing,,Critical,Open,Tax calculation error,I noticed an unexpected charge on my account this month. The amount doesn't match my subscription plan.,Phone,David Kim,2025-01-05 07:15:00,,4.9
TKT-00031,CUST-6182,2025-06-06 15:47:00,2025-06-09 17:31:00,Account Access,,Medium,Closed,Account suspended,I can't access my account even though I'm using the correct credentials.,Email,Tom Baker,2025-06-07 02:59:00,2025-06-09 12:12:00,4.3
TKT-00032,CUST-5683,2025-04-03 19:35:00,2025-04-06 10:06:00,Shipping,,High,Open,Tracking not updating,My order was supposed to arrive 5 days ago but tracking still shows it's in transit.,Email,James Wilson,2025-04-04 03:35:00,,5.0
TKT-00033,CUST-2860,2025-04-05 08:23:00,2025-04-06 23:26:00,Login,,Critical,Closed,Username taken error,The password reset link says it's expired even though I just received it.,Chat,Chris Lee,2025-04-05 09:22:00,2025-04-06 02:59:00,4.0
TKT-00034,CUST-1353,2025-02-11 22:48:00,2025-02-14 19:03:00,Refund,,Medium,Resolved,Refund amount incorrect,I was told I'd receive a full refund but only got a partial amount.,Email,Mike Chen,2025-02-12 04:52:00,2025-02-14 07:52:00,4.9
TKT-00035,CUST-7267,2025-03-17 14:18:00,2025-03-20 14:20:00,Technical Issue,,High,Open,App crashes on login,I've been experiencing slow loading times for the past week. Pages take over 30 seconds to load.,Email,Lisa Thompson,2025-03-18 00:09:00,,3.0
TKT-00036,CUST-5539,2025-06-13 14:36:00,2025-06-15 08:05:00,Refund,,High,Closed,Refund denied unfairly,I was told I'd receive a full refund but only got a partial amount.,Web,Rachel Green,2025-06-13 18:49:00,2025-06-14 08:27:00,2.7
TKT-00037,CUST-6990,2025-03-13 14:17:00,2025-03-16 19:31:00,Technical Issue,,Medium,Resolved,App crashes on login,The export feature has stopped working since the last update. I get a 500 error.,Chat,Sarah Johnson,2025-03-13 21:06:00,2025-03-16 07:16:00,4.4
TKT-00038,CUST-7314,2025-05-24 18:25:00,2025-05-25 22:36:00,Technical Issue,,Medium,Closed,Feature not working,I'm getting intermittent errors when trying to save my work. Data is being lost.,Phone,Lisa Thompson,2025-05-25 04:46:00,2025-05-25 15:11:00,2.6
TKT-00039,CUST-5034,2025-05-19 10:43:00,2025-05-22 12:29:00,Technical Issue,,Medium,Resolved,Data sync not working,I'm getting intermittent errors when trying to save my work. Data is being lost.,Chat,Tom Baker,2025-05-19 21:06:00,2025-05-22 08:49:00,2.7
TKT-00040,CUST-1630,2025-06-28 08:15:00,2025-06-29 16:48:00,Technical Issue,,High,Closed,Memory leak in application,The mobile app freezes frequently and I have to force close it to continue.,Email,Rachel Green,2025-06-28 17:29:00,2025-06-29 04:03:00,3.3
TKT-00041,CUST-6357,2025-06-29 12:20:00,2025-07-01 22:37:00,Payment,,Low,Resolved,Insufficient funds error,The checkout process times out when I try to complete my purchase.,Chat,Tom Baker,2025-06-29 22:59:00,2025-07-01 11:48:00,3.7
TKT-00042,CUST-7620,2025-02-03 16:11:00,2025-02-04 09:09:00,Shipping,,High,Open,Delivery attempted but no notice,My order was supposed to arrive 5 days ago but tracking still shows it's in transit.,Web,Tom Baker,2025-02-04 04:03:00,,2.1
TKT-00043,CUST-3778,2025-03-02 15:56:00,2025-03-04 14:02:00,Refund,,Critical,In Progress,Exchange instead of refund,I returned my item 3 weeks ago but still haven't received my refund.,Email,Anna Martinez,2025-03-02 21:20:00,,5.0
TKT-00044,CUST-7727,2025-06-20 03:32:00,2025-06-23 13:39:00,Shipping,,Critical,Closed,International shipping delay,My order was supposed to arrive 5 days ago but tracking still shows it's in transit.,Email,Sarah Johnson,2025-06-20 06:50:00,2025-06-22 22:00:00,3.0
TKT-00045,CUST-9194,2025-06-11 15:13:00,2025-06-12 07:01:00,Product Issue,,High,Resolved,Product defect,I ordered size Large but received a Medium. The label on the product says Medium.,Phone,Mike Chen,2025-06-11 23:17:00,2025-06-11 16:19:00,3.0
TKT-00046,CUST-8827,2025-04-23 04:13:00,2025-04-24 19:10:00,Account Access,,Medium,Closed,Profile not updating,My account shows as suspended but I haven't violated any terms.,Phone,Emily Rodriguez,2025-04-23 16:12:00,2025-04-23 23:52:00,2.4
TKT-00047,CUST-7742,2025-06-24 19:14:00,2025-06-27 08:34:00,Product Issue,,Medium,Closed,Packaging was broken,I ordered size Large but received a Medium. The label on the product says Medium.,Phone,Tom Baker,2025-06-25 04:20:00,2025-06-27 02:54:00,1.6
TKT-00048,CUST-4756,2025-06-05 01:31:00,2025-06-06 13:01:00,Subscription,,High,Resolved,Trial charged early,I was charged for a subscription I cancelled 3 months ago. This needs to be refunded.,Email,Rachel Green,2025-06-05 02:39:00,2025-06-06 12:53:00,5.0
TKT-00049,CUST-9153,2025-06-09 10:33:00,2025-06-11 18:08:00,Billing,,Critical,Closed,Invoice incorrect,I noticed an unexpected charge on my account this month. The amount doesn't match my subscription plan.,Chat,David Kim,2025-06-09 12:50:00,2025-06-11 05:31:00,3.5
TKT-00050,CUST-2608,2025-03-10 20:27:00,2025-03-13 13:35:00,Billing,,Medium,Open,Charge after cancellation,I see a $49.99 charge but my plan should be $29.99. Please explain this discrepancy.,Email,Tom Baker,2025-03-10 21:35:00,,3.3
TKT-00051,CUST-4981,2025-02-23 01:42:00,2025-02-25 09:53:00,Product Issue,,Critical,Closed,Packaging was broken,The product I received has visible damage. The box was intact but the item inside was cracked.,Phone,Tom Baker,2025-02-23 04:53:00,2025-02-25 09:34:00,4.5
TKT-00052,CUST-7791,2025-06-15 08:10:00,2025-06-15 20:06:00,Refund,,Medium,Open,Partial refund request,My refund amount is $20 less than what I paid. The difference hasn't been explained.,Phone,David Kim,2025-06-15 09:17:00,,4.4
TKT-00053,CUST-8743,2025-04-11 16:37:00,2025-04-14 05:22:00,Product Issue,,Medium,Closed,Product arrived damaged,The product I received has visible damage. The box was intact but the item inside was cracked.,Chat,David Kim,2025-04-11 20:57:00,2025-04-14 01:17:00,3.2
TKT-00054,CUST-8931,2025-03-15 10:00:00,2025-03-16 14:08:00,Payment,,Critical,Resolved,Payment not processing,My payment failed but I was still charged. The order shows as cancelled.,Chat,David Kim,2025-03-15 11:28:00,2025-03-16 10:24:00,2.3
TKT-00055,CUST-1096,2025-05-27 12:10:00,2025-05-29 03:44:00,Billing,,Low,Closed,Unexpected fee on my account,I was charged twice for the same transaction. I need an immediate refund for the duplicate charge.,Phone,Emily Rodriguez,2025-05-27 17:29:00,2025-05-29 03:43:00,4.1
TKT-00056,CUST-1093,2025-04-19 09:29:00,2025-04-22 16:17:00,Product Issue,,High,Open,Size mismatch,The product stopped working after just two days of normal use.,Chat,Chris Lee,2025-04-19 18:41:00,,3.0
TKT-00057,CUST-7834,2025-01-18 11:46:00,2025-01-19 08:43:00,Refund,,Critical,Resolved,Exchange instead of refund,"I'm being charged a restocking fee for a defective product return, which seems unfair.",Email,Emily Rodriguez,2025-01-18 13:48:00,2025-01-19 05:11:00,3.3
TKT-00058,CUST-1850,2025-02-14 21:00:00,2025-02-15 13:06:00,Product Issue,,High,In Progress,Size mismatch,Missing several components that were listed in the product description.,Chat,Lisa Thompson,2025-02-15 05:00:00,,3.8
TKT-00059,CUST-5952,2025-04-20 09:30:00,2025-04-23 13:18:00,Product Issue,,High,Resolved,Product defect,The product I received has visible damage. The box was intact but the item inside was cracked.,Web,Rachel Green,2025-04-20 19:00:00,2025-04-23 00:38:00,4.5
TKT-00060,CUST-3018,2025-06-22 12:47:00,2025-06-23 16:12:00,Technical Issue,,High,Closed,Mobile app freeze,The export feature has stopped working since the last update. I get a 500 error.,Web,Anna Martinez,2025-06-22 21:51:00,2025-06-23 05:46:00,2.8
TKT-00061,CUST-4963,2025-04-25 00:42:00,2025-04-27 20:01:00,Refund,,Medium,Resolved,Refund taking too long,It's been over a month since I returned the defective product. No refund or update.,Email,Lisa Thompson,2025-04-25 01:14:00,2025-04-27 13:35:00,4.4
TKT-00062,CUST-3720,2025-06-07 16:05:00,2025-06-09 02:30:00,Technical Issue,,Medium,Resolved,Website not loading properly,The mobile app freezes frequently and I have to force close it to continue.,Chat,David Kim,2025-06-07 22:56:00,2025-06-08 21:16:00,4.3
TKT-00063,CUST-6281,2025-01-25 21:55:00,2025-01-27 19:21:00,Product Issue,,Medium,Closed,Quality below expectations,I ordered size Large but received a Medium. The label on the product says Medium.,Web,Emily Rodriguez,2025-01-25 22:03:00,2025-01-27 01:30:00,3.8
TKT-00064,CUST-1837,2025-03-05 22:33:00,2025-03-07 18:55:00,Billing,,High,Open,Charge after cancellation,My invoice shows a different amount than what was agreed upon. Please review and correct.,Phone,Lisa Thompson,2025-03-06 08:45:00,,3.0
TKT-00065,CUST-4167,2025-06-16 02:41:00,2025-06-17 12:41:00,Account Access,,Critical,Open,Account suspended,I can't access my account even though I'm using the correct credentials.,Phone,Rachel Green,2025-06-16 07:02:00,,4.3
TKT-00066,CUST-5973,2025-03-04 07:45:00,2025-03-06 12:32:00,Login,,Medium,Open,Password reset link expired,I've requested a password reset multiple times but never receive the email.,Phone,David Kim,2025-03-04 17:17:00,,3.8
TKT-00067,CUST-8742,2025-01-07 09:03:00,2025-01-09 12:25:00,Billing,,High,Closed,Unexpected fee on my account,The promotional pricing I signed up for is not reflected in my latest bill.,Chat,Emily Rodriguez,2025-01-07 09:22:00,2025-01-09 08:33:00,5.0
TKT-00068,CUST-2012,2025-05-22 03:56:00,2025-05-24 04:00:00,Refund,,High,Resolved,Partial refund request,I returned my item 3 weeks ago but still haven't received my refund.,Email,Lisa Thompson,2025-05-22 04:05:00,2025-05-23 04:49:00,3.4
TKT-00069,CUST-5321,2025-04-15 05:22:00,2025-04-16 23:15:00,Refund,,High,In Progress,Want refund for defective product,I was told I'd receive a full refund but only got a partial amount.,Email,Anna Martinez,2025-04-15 15:16:00,,5.0
TKT-00070,CUST-9067,2025-05-19 16:03:00,2025-05-22 11:57:00,Technical Issue,,Medium,Resolved,Mobile app freeze,The export feature has stopped working since the last update. I get a 500 error.,Email,Rachel Green,2025-05-20 00:36:00,2025-05-21 13:50:00,3.2
TKT-00071,CUST-7722,2025-03-04 22:24:00,2025-03-07 08:49:00,Billing,,Medium,Resolved,Tax calculation error,The promotional pricing I signed up for is not reflected in my latest bill.,Email,Anna Martinez,2025-03-04 23:30:00,2025-03-06 14:46:00,5.0
TKT-00072,CUST-4724,2025-04-01 23:21:00,2025-04-04 20:50:00,Refund,,Critical,In Progress,Charge after returning item,My refund amount is $20 less than what I paid. The difference hasn't been explained.,Chat,Lisa Thompson,2025-04-02 08:17:00,,2.7
TKT-00073,CUST-1874,2025-05-16 00:16:00,2025-05-19 17:57:00,Technical Issue,,Medium,Resolved,Memory leak in application,I've been experiencing slow loading times for the past week. Pages take over 30 seconds to load.,Email,Rachel Green,2025-05-16 10:21:00,2025-05-18 20:29:00,4.0
TKT-00074,CUST-8722,2025-02-02 17:21:00,2025-02-04 17:09:00,Product Issue,,Medium,Resolved,Color different from listing,The product stopped working after just two days of normal use.,Phone,Sarah Johnson,2025-02-03 02:04:00,2025-02-03 21:48:00,2.1
TKT-00075,CUST-8046,2025-06-13 07:38:00,2025-06-14 22:36:00,Billing,,Medium,Resolved,Wrong amount billed,My invoice shows a different amount than what was agreed upon. Please review and correct.,Chat,Lisa Thompson,2025-06-13 17:09:00,2025-06-14 02:37:00,3.0
TKT-00076,CUST-5568,2025-02-14 11:18:00,2025-02-15 16:37:00,Technical Issue,,Medium,Resolved,App crashes on login,The mobile app freezes frequently and I have to force close it to continue.,Chat,David Kim,2025-02-14 14:35:00,2025-02-15 15:01:00,3.9
TKT-00077,CUST-7065,2025-02-25 08:44:00,2025-02-28 12:51:00,Technical Issue,,Medium,In Progress,Data sync not working,The mobile app freezes frequently and I have to force close it to continue.,Chat,Emily Rodriguez,2025-02-25 08:50:00,,4.2
TKT-00078,CUST-6732,2025-06-23 06:03:00,2025-06-25 10:29:00,Billing,,Medium,Open,Monthly bill too high,I was charged twice for the same transaction. I need an immediate refund for the duplicate charge.,Web,Rachel Green,2025-06-23 13:55:00,,3.2
TKT-00079,CUST-7470,2025-04-17 01:01:00,2025-04-19 11:16:00,Technical Issue,,Low,Open,Website not loading properly,I'm getting intermittent errors when trying to save my work. Data is being lost.,Chat,Sarah Johnson,2025-04-17 01:11:00,,3.9
TKT-00080,CUST-5053,2025-01-27 05:04:00,2025-01-28 19:37:00,Billing,,Low,In Progress,Wrong amount billed,My invoice shows a different amount than what was agreed upon. Please review and correct.,Email,Emily Rodriguez,2025-01-27 06:33:00,,4.7
TKT-00081,CUST-8689,2025-04-16 05:28:00,2025-04-18 10:25:00,Product Issue,,Medium,Resolved,Product arrived damaged,The product stopped working after just two days of normal use.,Chat,James Wilson,2025-04-16 16:10:00,2025-04-18 07:03:00,3.4
TKT-00082,CUST-9451,2025-04-07 12:08:00,2025-04-09 04:02:00,Technical Issue,,Medium,Closed,Website not loading properly,The application crashes every time I try to open the dashboard. I've tried clearing cache but it doesn't help.,Email,Emily Rodriguez,2025-04-07 21:34:00,2025-04-08 07:12:00,2.6
TKT-00083,CUST-8206,2025-04-16 01:37:00,2025-04-18 10:08:00,Account Access,,High,Open,Profile not updating,My account shows as suspended but I haven't violated any terms.,Chat,Chris Lee,2025-04-16 12:09:00,,1.9
TKT-00084,CUST-7943,2025-02-15 09:54:00,2025-02-15 23:34:00,Technical Issue,,Medium,Open,Memory leak in application,I'm getting intermittent errors when trying to save my work. Data is being lost.,Phone,Mike Chen,2025-02-15 10:49:00,,3.6
TKT-00085,CUST-5009,2025-04-14 05:25:00,2025-04-17 03:57:00,Subscription,,High,Resolved,Cancellation confirmation not received,I upgraded my plan but I'm still being charged the old rate AND the new rate.,Email,Sarah Johnson,2025-04-14 12:43:00,2025-04-16 08:47:00,3.7
TKT-00086,CUST-4148,2025-04-29 10:58:00,2025-05-01 22:24:00,Shipping,,High,Open,Wrong address shipped,The shipping address was changed without my authorization and the package went to the wrong location.,Email,Tom Baker,2025-04-29 18:44:00,,3.4
TKT-00087,CUST-4181,2025-03-24 07:57:00,2025-03-26 09:17:00,Billing,,Medium,In Progress,Charge after cancellation,I was charged twice for the same transaction. I need an immediate refund for the duplicate charge.,Chat,James Wilson,2025-03-24 12:35:00,,4.3
TKT-00088,CUST-4641,2025-04-16 12:17:00,2025-04-18 10:33:00,Billing,,Medium,In Progress,Monthly bill too high,I see a $49.99 charge but my plan should be $29.99. Please explain this discrepancy.,Email,Lisa Thompson,2025-04-16 13:02:00,,4.8
TKT-00089,CUST-7103,2025-02-24 17:40:00,2025-02-27 17:40:00,Refund,,Low,Closed,Refund taking too long,I was told I'd receive a full refund but only got a partial amount.,Chat,James Wilson,2025-02-25 04:00:00,2025-02-26 22:46:00,2.7
TKT-00090,CUST-4077,2025-06-02 01:13:00,2025-06-03 04:25:00,Shipping,,Medium,Closed,Delivery attempted but no notice,My package shows as delivered but I never received it. I've checked with neighbors.,Email,Rachel Green,2025-06-02 05:06:00,2025-06-02 16:51:00,3.2
TKT-00091,CUST-6818,2025-04-19 02:01:00,2025-04-20 18:31:00,Product Issue,,Low,Resolved,Product not as described,The product stopped working after just two days of normal use.,Email,David Kim,2025-04-19 09:43:00,2025-04-19 18:35:00,3.9
TKT-00092,CUST-9268,2025-05-13 17:11:00,2025-05-16 22:24:00,Subscription,,High,Resolved,Subscription price increased,I was charged for a subscription I cancelled 3 months ago. This needs to be refunded.,Phone,Emily Rodriguez,2025-05-13 22:29:00,2025-05-16 02:47:00,3.2
TKT-00093,CUST-4983,2025-05-02 08:54:00,2025-05-04 19:25:00,Technical Issue,,High,In Progress,App crashes on login,The mobile app freezes frequently and I have to force close it to continue.,Chat,David Kim,2025-05-02 12:10:00,,4.4
TKT-00094,CUST-9860,2025-02-11 03:54:00,2025-02-14 03:57:00,Billing,,Medium,Closed,Tax calculation error,I noticed an unexpected charge on my account this month. The amount doesn't match my subscription plan.,Chat,Tom Baker,2025-02-11 11:43:00,2025-02-13 06:15:00,3.4
TKT-00095,CUST-7227,2025-03-01 02:32:00,2025-03-01 23:23:00,Login,,High,Open,Login loop issue,My social login (Google) is not working. It says account already exists.,Phone,David Kim,2025-03-01 05:35:00,,4.1
TKT-00096,CUST-8959,2025-05-24 18:16:00,2025-05-26 15:43:00,Billing,,Medium,Resolved,Unexpected fee on my account,My invoice shows a different amount than what was agreed upon. Please review and correct.,Email,Tom Baker,2025-05-24 20:24:00,2025-05-26 11:18:00,4.1
TKT-00097,CUST-8659,2025-05-16 00:40:00,2025-05-16 20:25:00,Account Access,,High,Closed,Profile not updating,I can't access my account even though I'm using the correct credentials.,Web,Lisa Thompson,2025-05-16 08:40:00,2025-05-16 10:00:00,3.2
TKT-00098,CUST-1067,2025-04-02 07:09:00,2025-04-03 13:59:00,Shipping,,Medium,Open,Tracking not updating,I need to return an item but haven't received a shipping label after requesting one.,Email,Lisa Thompson,2025-04-02 17:09:00,,1.9
TKT-00099,CUST-1160,2025-06-10 10:34:00,2025-06-11 10:30:00,Billing,,Medium,Resolved,Invoice incorrect,I was charged twice for the same transaction. I need an immediate refund for the duplicate charge.,Email,Sarah Johnson,2025-06-10 15:36:00,2025-06-11 07:41:00,4.4
TKT-00100,CUST-4870,2025-01-29 06:49:00,2025-01-31 00:55:00,Shipping,,Medium,Resolved,No delivery confirmation,My order was supposed to arrive 5 days ago but tracking still shows it's in transit.,Email,Chris Lee,2025-01-29 11:18:00,2025-01-30 03:59:00,3.2
TKT-00101,CUST-9917,2025-01-24 15:06:00,2025-01-27 03:50:00,Account Access,,High,Resolved,Profile not updating,I can't access my account even though I'm using the correct credentials.,Email,Mike Chen,2025-01-24 18:47:00,2025-01-26 13:22:00,4.4
TKT-00102,CUST-4365,2025-06-07 05:58:00,2025-06-09 09:13:00,Billing,,Low,Resolved,Invoice incorrect,I was charged twice for the same transaction. I need an immediate refund for the duplicate charge.,Phone,Mike Chen,2025-06-07 16:10:00,2025-06-08 17:37:00,3.0
TKT-00103,CUST-7251,2025-04-21 03:43:00,2025-04-21 17:51:00,Billing,,High,Resolved,Monthly bill too high,I see a $49.99 charge but my plan should be $29.99. Please explain this discrepancy.,Chat,Sarah Johnson,2025-04-21 15:06:00,2025-04-21 09:57:00,3.5
TKT-00104,CUST-9187,2025-01-29 03:11:00,2025-02-01 12:03:00,Login,,Medium,Resolved,Session expired too quickly,The password reset link says it's expired even though I just received it.,Email,Anna Martinez,2025-01-29 14:30:00,2025-01-31 18:26:00,3.0
TKT-00105,CUST-9209,2025-04-03 09:47:00,2025-04-06 19:12:00,Account Access,,Medium,Resolved,Account verification failed,My account shows as suspended but I haven't violated any terms.,Web,David Kim,2025-04-03 15:05:00,2025-04-06 02:05:00,2.6
TKT-00106,CUST-5721,2025-03-31 02:45:00,2025-04-02 20:44:00,Technical Issue,,High,Open,Memory leak in application,I'm getting intermittent errors when trying to save my work. Data is being lost.,Phone,Emily Rodriguez,2025-03-31 12:11:00,,3.3
TKT-00107,CUST-7101,2025-06-05 11:06:00,2025-06-08 03:53:00,Account Access,,High,In Progress,Two-factor authentication broken,My account shows as suspended but I haven't violated any terms.,Phone,Lisa Thompson,2025-06-05 21:19:00,,2.4
TKT-00108,CUST-2132,2025-01-06 14:49:00,2025-01-08 09:57:00,Billing,,High,Resolved,Unexpected fee on my account,I was charged twice for the same transaction. I need an immediate refund for the duplicate charge.,Email,James Wilson,2025-01-06 19:28:00,2025-01-07 11:10:00,3.3
TKT-00109,CUST-2373,2025-06-27 12:56:00,2025-06-30 14:00:00,Subscription,,Medium,Open,Annual vs monthly billing confusion,The features I was promised in my plan are not available in my account.,Chat,Emily Rodriguez,2025-06-27 19:24:00,,3.8
TKT-00110,CUST-2911,2025-01-14 13:27:00,2025-01-17 04:06:00,Technical Issue,,High,Open,Data sync not working,The application crashes every time I try to open the dashboard. I've tried clearing cache but it doesn't help.,Chat,Mike Chen,2025-01-14 21:56:00,,3.1
TKT-00111,CUST-4389,2025-04-13 17:41:00,2025-04-14 21:03:00,Product Issue,,Medium,Resolved,Size mismatch,The product I received has visible damage. The box was intact but the item inside was cracked.,Web,Tom Baker,2025-04-13 17:51:00,2025-04-14 10:08:00,2.7
TKT-00112,CUST-3723,2025-04-05 03:30:00,2025-04-07 07:18:00,Refund,,Medium,Resolved,Refund denied unfairly,It's been over a month since I returned the defective product. No refund or update.,Phone,Sarah Johnson,2025-04-05 06:33:00,2025-04-06 18:18:00,3.5
TKT-00113,CUST-5714,2025-04-29 03:47:00,2025-04-30 15:59:00,Billing,,Critical,Resolved,Monthly bill too high,I was charged twice for the same transaction. I need an immediate refund for the duplicate charge.,Phone,Rachel Green,2025-04-29 11:14:00,2025-04-29 20:28:00,4.6
TKT-00114,CUST-5415,2025-01-02 11:48:00,2025-01-05 02:13:00,Refund,,Medium,Resolved,Refund not received,I was told I'd receive a full refund but only got a partial amount.,Email,David Kim,2025-01-02 15:53:00,2025-01-04 13:32:00,4.3
TKT-00115,CUST-7086,2025-06-09 09:00:00,2025-06-10 18:23:00,Technical Issue,,High,Closed,App crashes on login,The application crashes every time I try to open the dashboard. I've tried clearing cache but it doesn't help.,Chat,James Wilson,2025-06-09 19:11:00,2025-06-09 18:54:00,3.6
TKT-00116,CUST-4504,2025-03-13 13:04:00,2025-03-15 02:06:00,Shipping,,High,Resolved,Carrier not responding,The shipping address was changed without my authorization and the package went to the wrong location.,Chat,Mike Chen,2025-03-13 14:39:00,2025-03-14 04:38:00,4.3
TKT-00117,CUST-3035,2025-02-19 19:10:00,2025-02-21 16:38:00,Technical Issue,,Critical,Closed,Integration failing,The mobile app freezes frequently and I have to force close it to continue.,Phone,David Kim,2025-02-20 00:38:00,2025-02-21 09:21:00,1.9
TKT-00118,CUST-1803,2025-06-01 14:52:00,2025-06-03 17:01:00,Account Access,,Low,Resolved,Account suspended,I've been locked out of my account after entering my password incorrectly a few times.,Phone,Chris Lee,2025-06-01 23:45:00,2025-06-03 07:30:00,3.6
TKT-00119,CUST-3446,2025-06-24 01:35:00,2025-06-24 16:19:00,Billing,,High,Closed,Billing discrepancy,My invoice shows a different amount than what was agreed upon. Please review and correct.,Chat,Tom Baker,2025-06-24 10:32:00,2025-06-24 14:44:00,3.9
TKT-00120,CUST-5372,2025-06-05 15:50:00,2025-06-07 09:09:00,Technical Issue,,High,Resolved,Memory leak in application,The export feature has stopped working since the last update. I get a 500 error.,Email,Mike Chen,2025-06-05 21:39:00,2025-06-06 18:57:00,2.8
TKT-00121,CUST-6214,2025-01-17 16:13:00,2025-01-18 16:02:00,Subscription,,Medium,Resolved,Subscription renewed unexpectedly,I was charged for a subscription I cancelled 3 months ago. This needs to be refunded.,Email,Mike Chen,2025-01-17 20:53:00,2025-01-18 12:20:00,4.2
TKT-00122,CUST-9751,2025-06-20 23:42:00,2025-06-24 00:14:00,Login,,Medium,Closed,Reset email not received,I can't create a new account. It says my email is already registered.,Email,Mike Chen,2025-06-21 08:30:00,2025-06-23 05:28:00,3.9
TKT-00123,CUST-7495,2025-06-02 07:53:00,2025-06-06 01:28:00,Refund,,High,Resolved,Want refund for defective product,It's been over a month since I returned the defective product. No refund or update.,Phone,James Wilson,2025-06-02 14:38:00,2025-06-05 05:28:00,2.4
TKT-00124,CUST-2836,2025-02-17 17:37:00,2025-02-21 03:13:00,Shipping,,Medium,In Progress,Package not delivered,I need to return an item but haven't received a shipping label after requesting one.,Chat,Mike Chen,2025-02-17 21:19:00,,4.4
TKT-00125,CUST-6514,2025-02-01 20:12:00,2025-02-03 05:42:00,Account Access,,High,Closed,Profile not updating,My account shows as suspended but I haven't violated any terms.,Phone,Tom Baker,2025-02-01 21:30:00,2025-02-03 01:35:00,3.9
TKT-00126,CUST-9130,2025-01-31 19:41:00,2025-02-02 14:59:00,Subscription,,Medium,Resolved,Cannot downgrade plan,I was charged for a subscription I cancelled 3 months ago. This needs to be refunded.,Chat,Mike Chen,2025-01-31 23:14:00,2025-02-01 21:21:00,3.9
TKT-00127,CUST-2958,2025-03-09 06:39:00,2025-03-10 13:27:00,Billing,,High,Resolved,Promotional pricing not applied,My invoice shows a different amount than what was agreed upon. Please review and correct.,Phone,Tom Baker,2025-03-09 08:23:00,2025-03-09 19:24:00,3.9
TKT-00128,CUST-5040,2025-03-07 13:44:00,2025-03-09 11:09:00,Payment,,Critical,In Progress,Duplicate payment,My credit card is being declined even though it works everywhere else.,Chat,Sarah Johnson,2025-03-07 19:42:00,,3.5
TKT-00129,CUST-2884,2025-01-30 12:32:00,2025-02-02 03:20:00,Product Issue,,Critical,Open,Product arrived damaged,Missing several components that were listed in the product description.,Email,James Wilson,2025-01-30 18:59:00,,3.0
TKT-00130,CUST-3525,2025-01-16 10:58:00,2025-01-18 22:42:00,Product Issue,,Medium,Resolved,Product not as described,I ordered size Large but received a Medium. The label on the product says Medium.,Email,Rachel Green,2025-01-16 22:00:00,2025-01-17 23:38:00,3.4
TKT-00131,CUST-9305,2025-01-12 15:21:00,2025-01-14 01:55:00,Product Issue,,Medium,Resolved,Missing manual/instructions,The product I received has visible damage. The box was intact but the item inside was cracked.,Phone,Lisa Thompson,2025-01-12 22:53:00,2025-01-13 14:15:00,3.0
TKT-00132,CUST-5838,2025-01-23 04:34:00,2025-01-26 05:27:00,Technical Issue,,Medium,In Progress,Feature not working,The application crashes every time I try to open the dashboard. I've tried clearing cache but it doesn't help.,Web,Tom Baker,2025-01-23 08:52:00,,5.0
TKT-00133,CUST-9225,2025-04-21 06:42:00,2025-04-21 13:04:00,Account Access,,High,Resolved,Account suspended,I can't access my account even though I'm using the correct credentials.,Phone,Anna Martinez,2025-04-21 17:36:00,2025-04-21 11:51:00,2.3
TKT-00134,CUST-4618,2025-02-22 10:26:00,2025-02-25 00:55:00,Shipping,,High,Resolved,International shipping delay,The tracking number provided is not updating and shows no movement for a week.,Email,James Wilson,2025-02-22 12:20:00,2025-02-24 06:54:00,3.0
TKT-00135,CUST-8982,2025-06-26 03:57:00,2025-06-27 10:41:00,Shipping,,Medium,In Progress,Wrong address shipped,The tracking number provided is not updating and shows no movement for a week.,Chat,Lisa Thompson,2025-06-26 09:31:00,,3.9
TKT-00136,CUST-3930,2025-05-28 14:30:00,2025-05-31 18:43:00,Subscription,,High,In Progress,Trial charged early,I tried to cancel my subscription but the cancel button is not working.,Web,Tom Baker,2025-05-28 20:04:00,,3.4
TKT-00137,CUST-3906,2025-01-22 18:49:00,2025-01-25 05:24:00,Technical Issue,,Critical,In Progress,Memory leak in application,The export feature has stopped working since the last update. I get a 500 error.,Email,Sarah Johnson,2025-01-23 01:53:00,,3.0
TKT-00138,CUST-4430,2025-04-29 07:18:00,2025-05-01 13:58:00,Billing,,High,In Progress,Charge after cancellation,I noticed an unexpected charge on my account this month. The amount doesn't match my subscription plan.,Email,Lisa Thompson,2025-04-29 08:28:00,,4.5
TKT-00139,CUST-4039,2025-01-08 04:16:00,2025-01-10 02:27:00,Billing,,Critical,In Progress,Monthly bill too high,I noticed an unexpected charge on my account this month. The amount doesn't match my subscription plan.,Chat,Rachel Green,2025-01-08 11:31:00,,3.0
TKT-00140,CUST-8246,2025-04-16 10:37:00,2025-04-19 09:06:00,Subscription,,Low,Resolved,Cannot downgrade plan,I tried to cancel my subscription but the cancel button is not working.,Phone,Mike Chen,2025-04-16 19:16:00,2025-04-19 06:20:00,2.4
TKT-00141,CUST-8750,2025-05-26 13:41:00,2025-05-30 01:14:00,Shipping,,High,Closed,Wrong address shipped,I need to return an item but haven't received a shipping label after requesting one.,Web,Rachel Green,2025-05-26 17:27:00,2025-05-29 01:32:00,3.7
TKT-00142,CUST-1438,2025-04-21 18:38:00,2025-04-22 17:20:00,Billing,,Medium,Resolved,Monthly bill too high,The promotional pricing I signed up for is not reflected in my latest bill.,Email,Mike Chen,2025-04-22 03:03:00,2025-04-22 09:41:00,2.8
TKT-00143,CUST-6277,2025-01-22 12:38:00,2025-01-25 23:12:00,Technical Issue,,Low,Closed,Integration failing,The mobile app freezes frequently and I have to force close it to continue.,Email,James Wilson,2025-01-22 19:06:00,2025-01-25 01:50:00,3.9
TKT-00144,CUST-7152,2025-06-25 21:07:00,2025-06-27 05:22:00,Technical Issue,,Low,In Progress,Integration failing,I've been experiencing slow loading times for the past week. Pages take over 30 seconds to load.,Web,Emily Rodriguez,2025-06-26 00:15:00,,4.4
TKT-00145,CUST-5227,2025-06-23 20:39:00,2025-06-27 04:31:00,Technical Issue,,Medium,In Progress,Website not loading properly,The application crashes every time I try to open the dashboard. I've tried clearing cache but it doesn't help.,Email,Chris Lee,2025-06-24 06:42:00,,3.1
TKT-00146,CUST-7863,2025-04-05 06:15:00,2025-04-07 07:27:00,Billing,,Critical,Resolved,Charge after cancellation,I noticed an unexpected charge on my account this month. The amount doesn't match my subscription plan.,Phone,Tom Baker,2025-04-05 06:29:00,2025-04-06 17:05:00,4.5
TKT-00147,CUST-7806,2025-04-28 17:37:00,2025-04-29 20:18:00,Technical Issue,,Medium,Closed,System error occurred,The application crashes every time I try to open the dashboard. I've tried clearing cache but it doesn't help.,Phone,David Kim,2025-04-28 22:00:00,2025-04-29 17:22:00,4.0
TKT-00148,CUST-1770,2025-04-12 17:23:00,2025-04-15 08:22:00,Billing,,High,In Progress,Double charged for subscription,My invoice shows a different amount than what was agreed upon. Please review and correct.,Chat,Sarah Johnson,2025-04-13 01:02:00,,3.0
TKT-00149,CUST-9091,2025-01-30 01:30:00,2025-01-31 08:01:00,Billing,,Medium,Closed,Invoice incorrect,I noticed an unexpected charge on my account this month. The amount doesn't match my subscription plan.,Phone,Rachel Green,2025-01-30 02:09:00,2025-01-30 11:03:00,4.2
TKT-00150,CUST-8211,2025-03-09 22:34:00,2025-03-10 22:06:00,Product Issue,,High,Closed,Quality below expectations,The product stopped working after just two days of normal use.,Email,David Kim,2025-03-09 22:52:00,2025-03-10 00:12:00,4.2
TKT-00151,CUST-7698,2025-04-17 18:40:00,2025-04-19 21:22:00,Login,,Medium,Resolved,Cannot sign in,I've requested a password reset multiple times but never receive the email.,Email,Mike Chen,2025-04-17 22:05:00,2025-04-19 03:34:00,3.9
TKT-00152,CUST-1449,2025-01-07 18:13:00,2025-01-09 06:01:00,Refund,,Medium,Resolved,Refund amount incorrect,My refund amount is $20 less than what I paid. The difference hasn't been explained.,Email,Emily Rodriguez,2025-01-08 05:28:00,2025-01-08 20:22:00,3.7
TKT-00153,CUST-1731,2025-04-24 18:08:00,2025-04-28 00:46:00,Login,,Medium,Closed,Forgot my password,"After entering my credentials, I'm redirected back to the login page in a loop.",Phone,Sarah Johnson,2025-04-25 03:43:00,2025-04-27 17:22:00,1.7
TKT-00154,CUST-1459,2025-02-17 14:30:00,2025-02-18 16:24:00,Product Issue,,High,Open,Missing items in order,The product I received has visible damage. The box was intact but the item inside was cracked.,Phone,Lisa Thompson,2025-02-17 18:25:00,,3.6
TKT-00155,CUST-8993,2025-05-25 02:54:00,2025-05-26 10:17:00,Billing,,Medium,Resolved,Promotional pricing not applied,I noticed an unexpected charge on my account this month. The amount doesn't match my subscription plan.,Chat,Tom Baker,2025-05-25 11:03:00,2025-05-26 00:54:00,4.7
TKT-00156,CUST-2525,2025-01-27 11:28:00,2025-01-30 01:40:00,Product Issue,,Medium,Closed,Wrong product received,The product I received has visible damage. The box was intact but the item inside was cracked.,Phone,Tom Baker,2025-01-27 14:44:00,2025-01-29 21:04:00,4.3
TKT-00157,CUST-4413,2025-03-04 12:46:00,2025-03-07 19:46:00,Technical Issue,,High,Open,Integration failing,The mobile app freezes frequently and I have to force close it to continue.,Phone,Emily Rodriguez,2025-03-04 23:53:00,,3.0
TKT-00158,CUST-5235,2025-04-03 21:52:00,2025-04-05 20:30:00,Billing,,High,Closed,Charge after cancellation,I noticed an unexpected charge on my account this month. The amount doesn't match my subscription plan.,Email,Anna Martinez,2025-04-04 08:02:00,2025-04-05 05:10:00,3.7
TKT-00159,CUST-3256,2025-02-17 06:34:00,2025-02-17 20:03:00,Billing,,High,Resolved,Billing discrepancy,I noticed an unexpected charge on my account this month. The amount doesn't match my subscription plan.,Web,James Wilson,2025-02-17 16:18:00,2025-02-17 17:00:00,3.7
TKT-00160,CUST-6160,2025-02-02 07:47:00,2025-02-03 13:08:00,Billing,,Critical,In Progress,Double charged for subscription,I was charged twice for the same transaction. I need an immediate refund for the duplicate charge.,Chat,Rachel Green,2025-02-02 17:02:00,,3.4
TKT-00161,CUST-8716,2025-06-20 13:06:00,2025-06-23 01:57:00,Billing,,High,Resolved,Invoice incorrect,I see a $49.99 charge but my plan should be $29.99. Please explain this discrepancy.,Chat,James Wilson,2025-06-21 00:08:00,2025-06-22 20:14:00,3.0
TKT-00162,CUST-2080,2025-01-28 03:03:00,2025-01-31 06:20:00,Product Issue,,Medium,Resolved,Product defect,Missing several components that were listed in the product description.,Chat,David Kim,2025-01-28 03:11:00,2025-01-30 06:55:00,4.9
TKT-00163,CUST-8802,2025-06-19 17:44:00,2025-06-20 13:23:00,Billing,,High,Resolved,Monthly bill too high,The promotional pricing I signed up for is not reflected in my latest bill.,Phone,Tom Baker,2025-06-19 20:03:00,2025-06-20 02:53:00,3.3
TKT-00164,CUST-9942,2025-01-22 23:07:00,2025-01-25 22:22:00,Billing,,Low,In Progress,Wrong amount billed,I was charged twice for the same transaction. I need an immediate refund for the duplicate charge.,Chat,Mike Chen,2025-01-23 10:17:00,,3.1
TKT-00165,CUST-6053,2025-06-03 04:46:00,2025-06-03 18:34:00,Technical Issue,,Medium,Resolved,API returning errors,The mobile app freezes frequently and I have to force close it to continue.,Phone,Rachel Green,2025-06-03 07:50:00,2025-06-03 11:40:00,4.1
TKT-00166,CUST-8616,2025-05-08 04:15:00,2025-05-11 14:26:00,Product Issue,,Low,Open,Missing items in order,Missing several components that were listed in the product description.,Email,James Wilson,2025-05-08 13:57:00,,3.7
TKT-00167,CUST-1040,2025-02-11 15:13:00,2025-02-12 10:58:00,Refund,,High,Resolved,Refund amount incorrect,It's been over a month since I returned the defective product. No refund or update.,Email,James Wilson,2025-02-11 22:47:00,2025-02-12 02:35:00,3.2
TKT-00168,CUST-3731,2025-03-26 22:45:00,2025-03-28 01:31:00,Billing,,High,Closed,Wrong amount billed,I was charged twice for the same transaction. I need an immediate refund for the duplicate charge.,Web,Lisa Thompson,2025-03-27 07:09:00,2025-03-27 23:13:00,2.4
TKT-00169,CUST-9828,2025-02-14 10:53:00,2025-02-15 07:43:00,Technical Issue,,Medium,Resolved,App crashes on login,I've been experiencing slow loading times for the past week. Pages take over 30 seconds to load.,Chat,Emily Rodriguez,2025-02-14 19:10:00,2025-02-15 06:02:00,2.9
TKT-00170,CUST-1134,2025-01-01 08:27:00,2025-01-01 22:06:00,Billing,,High,In Progress,Charge after cancellation,I was charged twice for the same transaction. I need an immediate refund for the duplicate charge.,Phone,Chris Lee,2025-01-01 13:31:00,,3.8
TKT-00171,CUST-4702,2025-04-03 01:41:00,2025-04-05 22:14:00,Product Issue,,High,Resolved,Product not as described,The product quality is significantly lower than what was advertised on the website.,Email,Rachel Green,2025-04-03 13:10:00,2025-04-05 09:12:00,3.4
TKT-00172,CUST-9704,2025-05-23 20:31:00,2025-05-26 21:50:00,Account Access,,High,Closed,Permission denied,The two-factor authentication codes from my authenticator app are not being accepted.,Chat,Mike Chen,2025-05-24 04:57:00,2025-05-26 16:21:00,5.0
TKT-00173,CUST-3161,2025-04-01 13:07:00,2025-04-03 02:56:00,Technical Issue,,Low,In Progress,Data sync not working,I'm getting intermittent errors when trying to save my work. Data is being lost.,Email,Rachel Green,2025-04-01 23:11:00,,2.8
TKT-00174,CUST-8863,2025-01-18 03:01:00,2025-01-21 10:38:00,Technical Issue,,High,Open,Mobile app freeze,I'm getting intermittent errors when trying to save my work. Data is being lost.,Email,David Kim,2025-01-18 10:07:00,,4.6
TKT-00175,CUST-4965,2025-06-01 16:47:00,2025-06-04 04:48:00,Billing,,Medium,Resolved,Tax calculation error,I noticed an unexpected charge on my account this month. The amount doesn't match my subscription plan.,Phone,Chris Lee,2025-06-01 18:23:00,2025-06-03 16:37:00,3.3
TKT-00176,CUST-9965,2025-03-28 17:31:00,2025-04-01 10:14:00,Subscription,,Medium,Closed,Trial charged early,I tried to cancel my subscription but the cancel button is not working.,Chat,Lisa Thompson,2025-03-28 18:43:00,2025-03-31 16:20:00,4.7
TKT-00177,CUST-1775,2025-04-10 12:27:00,2025-04-12 23:44:00,Refund,,High,Closed,Partial refund request,I returned my item 3 weeks ago but still haven't received my refund.,Email,Lisa Thompson,2025-04-10 23:51:00,2025-04-12 00:42:00,4.3
TKT-00178,CUST-6367,2025-01-11 01:02:00,2025-01-13 00:46:00,Product Issue,,High,Resolved,Color different from listing,Missing several components that were listed in the product description.,Email,David Kim,2025-01-11 12:00:00,2025-01-12 20:52:00,3.1
TKT-00179,CUST-5796,2025-05-06 08:13:00,2025-05-07 11:02:00,Billing,,Medium,In Progress,Billing discrepancy,I was charged twice for the same transaction. I need an immediate refund for the duplicate charge.,Web,Mike Chen,2025-05-06 08:57:00,,4.6
TKT-00180,CUST-2390,2025-02-10 17:07:00,2025-02-13 04:26:00,Refund,,Medium,Open,Exchange instead of refund,It's been over a month since I returned the defective product. No refund or update.,Phone,Tom Baker,2025-02-10 19:44:00,,2.7
TKT-00181,CUST-9731,2025-06-02 20:09:00,2025-06-05 23:06:00,Refund,,Medium,Open,Charge after returning item,I returned my item 3 weeks ago but still haven't received my refund.,Chat,Chris Lee,2025-06-03 07:09:00,,3.6
TKT-00182,CUST-3228,2025-01-10 00:24:00,2025-01-12 12:01:00,Technical Issue,,High,Resolved,Integration failing,The application crashes every time I try to open the dashboard. I've tried clearing cache but it doesn't help.,Chat,Anna Martinez,2025-01-10 11:19:00,2025-01-11 14:48:00,1.5
TKT-00183,CUST-5741,2025-03-31 07:27:00,2025-04-02 05:44:00,Technical Issue,,Medium,In Progress,API returning errors,I've been experiencing slow loading times for the past week. Pages take over 30 seconds to load.,Email,Sarah Johnson,2025-03-31 15:07:00,,3.3
TKT-00184,CUST-2273,2025-06-19 05:47:00,2025-06-21 15:19:00,Subscription,,High,In Progress,Features missing from plan,I upgraded my plan but I'm still being charged the old rate AND the new rate.,Email,Tom Baker,2025-06-19 16:11:00,,3.7
TKT-00185,CUST-9177,2025-05-24 16:00:00,2025-05-27 01:55:00,Subscription,,Medium,In Progress,Cannot cancel subscription,My subscription auto-renewed but I was not notified about the renewal.,Email,David Kim,2025-05-24 21:42:00,,3.2
TKT-00186,CUST-4647,2025-03-06 04:41:00,2025-03-07 14:11:00,Billing,,Medium,Resolved,Invoice incorrect,My invoice shows a different amount than what was agreed upon. Please review and correct.,Web,David Kim,2025-03-06 08:21:00,2025-03-06 16:00:00,3.9
TKT-00187,CUST-1365,2025-02-02 12:28:00,2025-02-05 02:03:00,Technical Issue,,Medium,Closed,Integration failing,I'm getting intermittent errors when trying to save my work. Data is being lost.,Phone,Tom Baker,2025-02-02 17:08:00,2025-02-04 12:38:00,2.7
TKT-00188,CUST-7004,2025-04-04 11:29:00,2025-04-07 16:57:00,Technical Issue,,High,In Progress,Mobile app freeze,The application crashes every time I try to open the dashboard. I've tried clearing cache but it doesn't help.,Email,Rachel Green,2025-04-04 17:29:00,,2.8
TKT-00189,CUST-6306,2025-06-03 10:10:00,2025-06-05 01:34:00,Refund,,High,In Progress,Refund policy unclear,I returned my item 3 weeks ago but still haven't received my refund.,Chat,Sarah Johnson,2025-06-03 13:04:00,,3.9
TKT-00190,CUST-2700,2025-05-22 17:53:00,2025-05-25 01:54:00,Technical Issue,,Low,Closed,Performance issues with dashboard,The export feature has stopped working since the last update. I get a 500 error.,Email,Tom Baker,2025-05-23 03:00:00,2025-05-25 00:01:00,3.3
TKT-00191,CUST-6682,2025-03-04 20:46:00,2025-03-07 15:41:00,Subscription,,High,Closed,Trial charged early,I was charged for a subscription I cancelled 3 months ago. This needs to be refunded.,Phone,Emily Rodriguez,2025-03-05 02:37:00,2025-03-07 06:58:00,5.0
TKT-00192,CUST-1387,2025-03-08 00:46:00,2025-03-11 05:20:00,Refund,,Medium,Resolved,Charge after returning item,My refund amount is $20 less than what I paid. The difference hasn't been explained.,Phone,Emily Rodriguez,2025-03-08 07:31:00,2025-03-10 21:04:00,4.9
TKT-00193,CUST-6680,2025-05-07 23:17:00,2025-05-10 10:27:00,Shipping,,High,Resolved,Wrong address shipped,The tracking number provided is not updating and shows no movement for a week.,Chat,Chris Lee,2025-05-08 07:42:00,2025-05-10 06:29:00,4.6
TKT-00194,CUST-5016,2025-04-04 21:53:00,2025-04-06 19:53:00,Refund,,Medium,Resolved,Refund policy unclear,I was told I'd receive a full refund but only got a partial amount.,Chat,Emily Rodriguez,2025-04-05 08:40:00,2025-04-06 18:01:00,3.5
TKT-00195,CUST-7935,2025-05-07 04:32:00,2025-05-08 19:36:00,Shipping,,High,Closed,Tracking not updating,The shipping address was changed without my authorization and the package went to the wrong location.,Chat,Mike Chen,2025-05-07 05:05:00,2025-05-08 12:51:00,4.0
TKT-00196,CUST-8935,2025-02-09 23:27:00,2025-02-10 05:40:00,Subscription,,High,Closed,Cannot cancel subscription,I was charged for a subscription I cancelled 3 months ago. This needs to be refunded.,Email,Mike Chen,2025-02-10 07:37:00,2025-02-10 00:52:00,4.4
TKT-00197,CUST-1446,2025-05-12 10:19:00,2025-05-13 19:45:00,Shipping,,Low,In Progress,Delivery late,My package shows as delivered but I never received it. I've checked with neighbors.,Chat,Emily Rodriguez,2025-05-12 15:33:00,,3.9
TKT-00198,CUST-5081,2025-04-19 06:11:00,2025-04-20 17:52:00,Subscription,,Low,Resolved,Subscription renewed unexpectedly,My subscription auto-renewed but I was not notified about the renewal.,Phone,Sarah Johnson,2025-04-19 13:28:00,2025-04-20 03:18:00,2.9
TKT-00199,CUST-8442,2025-02-24 19:58:00,2025-02-27 02:00:00,Account Access,,Critical,Open,Profile not updating,I need to update my email address but the system won't let me verify the new one.,Email,James Wilson,2025-02-24 21:27:00,,2.4
TKT-00200,CUST-6207,2025-02-16 10:19:00,2025-02-18 05:34:00,Billing,,Medium,Closed,Promotional pricing not applied,The promotional pricing I signed up for is not reflected in my latest bill.,Chat,Emily Rodriguez,2025-02-16 19:37:00,2025-02-17 12:07:00,4.5
TKT-00201,CUST-2461,2025-03-17 05:57:00,2025-03-18 00:59:00,Billing,,High,In Progress,Charge after cancellation,I was charged twice for the same transaction. I need an immediate refund for the duplicate charge.,Email,Lisa Thompson,2025-03-17 12:58:00,,2.6
TKT-00202,CUST-2931,2025-01-30 06:27:00,2025-01-31 14:53:00,Technical Issue,,Medium,Resolved,System error occurred,The mobile app freezes frequently and I have to force close it to continue.,Web,Chris Lee,2025-01-30 06:45:00,2025-01-31 04:40:00,4.2
TKT-00203,CUST-3380,2025-05-24 19:20:00,2025-05-27 15:33:00,Account Access,,Critical,Resolved,Profile not updating,The two-factor authentication codes from my authenticator app are not being accepted.,Email,Anna Martinez,2025-05-25 03:14:00,2025-05-27 01:27:00,2.9
TKT-00204,CUST-4052,2025-04-27 05:04:00,2025-04-28 08:19:00,Technical Issue,,Medium,In Progress,App crashes on login,The export feature has stopped working since the last update. I get a 500 error.,Email,James Wilson,2025-04-27 07:33:00,,4.6
TKT-00205,CUST-4351,2025-01-15 13:08:00,2025-01-16 15:59:00,Technical Issue,,Critical,Resolved,Data sync not working,I'm getting intermittent errors when trying to save my work. Data is being lost.,Phone,Lisa Thompson,2025-01-15 16:41:00,2025-01-15 21:56:00,5.0
TKT-00206,CUST-1715,2025-01-08 15:21:00,2025-01-10 16:07:00,Account Access,,Critical,In Progress,Cannot change email,I've been locked out of my account after entering my password incorrectly a few times.,Chat,James Wilson,2025-01-09 03:07:00,,3.5
TKT-00207,CUST-9923,2025-03-28 21:06:00,2025-03-31 23:19:00,Technical Issue,,High,Closed,System error occurred,The export feature has stopped working since the last update. I get a 500 error.,Email,Lisa Thompson,2025-03-29 04:33:00,2025-03-31 11:34:00,2.8
TKT-00208,CUST-5912,2025-05-19 16:51:00,2025-05-22 13:08:00,Subscription,,Medium,Resolved,Trial charged early,I tried to cancel my subscription but the cancel button is not working.,Chat,Rachel Green,2025-05-19 23:55:00,2025-05-22 09:54:00,3.7
TKT-00209,CUST-4475,2025-02-12 02:09:00,2025-02-14 17:23:00,Technical Issue,,Low,Closed,API returning errors,I'm getting intermittent errors when trying to save my work. Data is being lost.,Email,Lisa Thompson,2025-02-12 06:24:00,2025-02-13 21:07:00,3.4
TKT-00210,CUST-8971,2025-06-13 13:22:00,2025-06-16 10:06:00,Account Access,,High,Resolved,MFA codes not working,I can't access my account even though I'm using the correct credentials.,Email,Mike Chen,2025-06-13 22:42:00,2025-06-15 23:07:00,2.7
TKT-00211,CUST-6744,2025-05-24 22:15:00,2025-05-27 03:13:00,Technical Issue,,Critical,In Progress,System error occurred,The export feature has stopped working since the last update. I get a 500 error.,Chat,David Kim,2025-05-24 23:43:00,,4.0
TKT-00212,CUST-5201,2025-05-12 13:09:00,2025-05-15 19:33:00,Subscription,,High,Resolved,Cancellation confirmation not received,My subscription auto-renewed but I was not notified about the renewal.,Phone,Emily Rodriguez,2025-05-12 13:45:00,2025-05-15 03:29:00,4.8
TKT-00213,CUST-2712,2025-04-19 03:14:00,2025-04-19 21:19:00,Billing,,Medium,Resolved,Charge after cancellation,I was charged twice for the same transaction. I need an immediate refund for the duplicate charge.,Email,Anna Martinez,2025-04-19 10:05:00,2025-04-19 09:32:00,5.0
TKT-00214,CUST-7996,2025-05-17 07:12:00,2025-05-20 12:18:00,Technical Issue,,Medium,Closed,Memory leak in application,The application crashes every time I try to open the dashboard. I've tried clearing cache but it doesn't help.,Email,Mike Chen,2025-05-17 13:34:00,2025-05-20 01:27:00,3.0
TKT-00215,CUST-8001,2025-05-30 14:50:00,2025-06-01 00:26:00,Refund,,Medium,Resolved,Refund taking too long,My refund amount is $20 less than what I paid. The difference hasn't been explained.,Email,Lisa Thompson,2025-05-31 00:49:00,2025-05-31 05:07:00,2.9
TKT-00216,CUST-1555,2025-02-01 05:42:00,2025-02-03 08:16:00,Billing,,Low,Open,Tax calculation error,I see a $49.99 charge but my plan should be $29.99. Please explain this discrepancy.,Chat,David Kim,2025-02-01 06:10:00,,5.0
TKT-00217,CUST-4232,2025-01-28 14:17:00,2025-01-30 16:10:00,Technical Issue,,High,In Progress,Integration failing,The export feature has stopped working since the last update. I get a 500 error.,Phone,Rachel Green,2025-01-28 23:01:00,,4.0
TKT-00218,CUST-2725,2025-03-03 22:16:00,2025-03-06 00:13:00,Billing,,Critical,Open,Unexpected fee on my account,I was charged twice for the same transaction. I need an immediate refund for the duplicate charge.,Chat,Anna Martinez,2025-03-03 22:43:00,,3.2
TKT-00219,CUST-7460,2025-03-20 03:36:00,2025-03-21 02:22:00,Technical Issue,,High,Resolved,Integration failing,I've been experiencing slow loading times for the past week. Pages take over 30 seconds to load.,Email,Emily Rodriguez,2025-03-20 13:02:00,2025-03-20 13:29:00,1.7
TKT-00220,CUST-1532,2025-03-20 01:38:00,2025-03-22 16:07:00,Product Issue,,Medium,Closed,Missing items in order,Missing several components that were listed in the product description.,Chat,Sarah Johnson,2025-03-20 11:11:00,2025-03-21 18:12:00,3.6
TKT-00221,CUST-2162,2025-04-06 21:18:00,2025-04-09 00:51:00,Technical Issue,,High,Closed,Integration failing,The export feature has stopped working since the last update. I get a 500 error.,Phone,Tom Baker,2025-04-07 00:32:00,2025-04-08 08:03:00,5.0
TKT-00222,CUST-6349,2025-02-16 17:30:00,2025-02-19 03:33:00,Technical Issue,,Low,In Progress,System error occurred,I'm getting intermittent errors when trying to save my work. Data is being lost.,Chat,Rachel Green,2025-02-17 03:39:00,,3.2
TKT-00223,CUST-7060,2025-05-31 15:38:00,2025-06-03 19:31:00,Subscription,,High,Closed,Subscription not reflected,I tried to cancel my subscription but the cancel button is not working.,Email,James Wilson,2025-05-31 17:07:00,2025-06-02 23:30:00,5.0
TKT-00224,CUST-8673,2025-04-19 08:32:00,2025-04-22 08:54:00,Billing,,Critical,Resolved,Overcharge on my account,My invoice shows a different amount than what was agreed upon. Please review and correct.,Phone,Lisa Thompson,2025-04-19 18:52:00,2025-04-22 08:15:00,3.1
TKT-00225,CUST-2212,2025-03-23 14:16:00,2025-03-25 11:17:00,Login,,Medium,Resolved,Cannot sign in,"After entering my credentials, I'm redirected back to the login page in a loop.",Chat,James Wilson,2025-03-23 14:52:00,2025-03-24 11:26:00,4.9
TKT-00226,CUST-9973,2025-03-01 01:52:00,2025-03-01 20:04:00,Account Access,,Medium,Resolved,Two-factor authentication broken,I've been locked out of my account after entering my password incorrectly a few times.,Chat,Mike Chen,2025-03-01 11:29:00,2025-03-01 06:26:00,4.1
TKT-00227,CUST-3769,2025-06-05 18:44:00,2025-06-08 09:32:00,Technical Issue,,Critical,Closed,Memory leak in application,The export feature has stopped working since the last update. I get a 500 error.,Chat,David Kim,2025-06-06 04:13:00,2025-06-08 05:02:00,3.4
TKT-00228,CUST-8351,2025-01-29 03:00:00,2025-01-31 08:59:00,Payment,,Low,In Progress,Payment confirmation missing,My payment failed but I was still charged. The order shows as cancelled.,Email,James Wilson,2025-01-29 05:50:00,,3.7
TKT-00229,CUST-8163,2025-01-31 01:59:00,2025-02-01 07:23:00,Technical Issue,,High,Resolved,App crashes on login,The application crashes every time I try to open the dashboard. I've tried clearing cache but it doesn't help.,Web,Anna Martinez,2025-01-31 11:24:00,2025-02-01 04:19:00,2.7
TKT-00230,CUST-2116,2025-01-12 09:28:00,2025-01-14 07:47:00,Billing,,High,Resolved,Invoice incorrect,I was charged twice for the same transaction. I need an immediate refund for the duplicate charge.,Chat,Chris Lee,2025-01-12 20:29:00,2025-01-13 17:23:00,1.7
TKT-00231,CUST-6717,2025-05-01 17:53:00,2025-05-02 20:13:00,Shipping,,High,Closed,Package not delivered,My package shows as delivered but I never received it. I've checked with neighbors.,Email,Tom Baker,2025-05-01 19:24:00,2025-05-02 08:59:00,3.1
TKT-00232,CUST-6597,2025-06-22 12:41:00,2025-06-24 20:52:00,Technical Issue,,Medium,Resolved,Website not loading properly,The export feature has stopped working since the last update. I get a 500 error.,Email,Anna Martinez,2025-06-22 20:35:00,2025-06-24 05:12:00,4.5
TKT-00233,CUST-2446,2025-06-13 14:39:00,2025-06-15 13:06:00,Technical Issue,,High,Resolved,System error occurred,I've been experiencing slow loading times for the past week. Pages take over 30 seconds to load.,Phone,David Kim,2025-06-13 16:44:00,2025-06-15 05:45:00,3.9
TKT-00234,CUST-5542,2025-01-10 07:17:00,2025-01-13 03:47:00,Technical Issue,,Medium,In Progress,System error occurred,The mobile app freezes frequently and I have to force close it to continue.,Chat,Emily Rodriguez,2025-01-10 10:41:00,,3.6
TKT-00235,CUST-8134,2025-04-21 14:08:00,2025-04-23 21:52:00,Account Access,,Critical,Resolved,MFA codes not working,I've been locked out of my account after entering my password incorrectly a few times.,Email,Rachel Green,2025-04-21 14:46:00,2025-04-23 02:56:00,4.9
TKT-00236,CUST-6080,2025-05-04 22:03:00,2025-05-07 15:49:00,Billing,,High,Open,Wrong amount billed,The promotional pricing I signed up for is not reflected in my latest bill.,Web,Mike Chen,2025-05-05 01:04:00,,3.8
TKT-00237,CUST-6771,2025-04-02 08:31:00,2025-04-02 14:16:00,Billing,,High,In Progress,Charge after cancellation,The promotional pricing I signed up for is not reflected in my latest bill.,Chat,Lisa Thompson,2025-04-02 13:12:00,,5.0
TKT-00238,CUST-7528,2025-01-15 20:05:00,2025-01-17 00:12:00,Refund,,Low,In Progress,Refund not received,I was told I'd receive a full refund but only got a partial amount.,Chat,Emily Rodriguez,2025-01-16 06:36:00,,4.5
TKT-00239,CUST-8173,2025-02-22 21:15:00,2025-02-26 00:27:00,Technical Issue,,Medium,Closed,Website not loading properly,I've been experiencing slow loading times for the past week. Pages take over 30 seconds to load.,Phone,David Kim,2025-02-23 03:30:00,2025-02-25 16:44:00,3.7
TKT-00240,CUST-3933,2025-03-24 00:07:00,2025-03-25 19:46:00,Account Access,,Medium,In Progress,Cannot change email,I can't access my account even though I'm using the correct credentials.,Phone,Anna Martinez,2025-03-24 04:11:00,,5.0
TKT-00241,CUST-8583,2025-01-19 12:22:00,2025-01-22 01:48:00,Shipping,,Medium,Resolved,Tracking not updating,I need to return an item but haven't received a shipping label after requesting one.,Chat,Sarah Johnson,2025-01-19 18:32:00,2025-01-21 04:00:00,3.3
TKT-00242,CUST-7406,2025-03-27 10:10:00,2025-03-29 23:24:00,Billing,,High,Resolved,Wrong amount billed,I see a $49.99 charge but my plan should be $29.99. Please explain this discrepancy.,Chat,Emily Rodriguez,2025-03-27 12:24:00,2025-03-29 18:18:00,4.2
TKT-00243,CUST-8623,2025-06-29 13:52:00,2025-07-02 01:10:00,Subscription,,Medium,Resolved,Subscription not reflected,I tried to cancel my subscription but the cancel button is not working.,Email,Emily Rodriguez,2025-06-29 18:18:00,2025-07-01 06:38:00,3.4
TKT-00244,CUST-2784,2025-02-16 15:05:00,2025-02-19 06:12:00,Technical Issue,,High,Resolved,Feature not working,The export feature has stopped working since the last update. I get a 500 error.,Chat,Sarah Johnson,2025-02-16 17:03:00,2025-02-18 17:57:00,3.1
TKT-00245,CUST-4390,2025-03-29 01:24:00,2025-03-30 08:24:00,Product Issue,,Medium,Closed,Color different from listing,The product I received has visible damage. The box was intact but the item inside was cracked.,Email,Tom Baker,2025-03-29 09:20:00,2025-03-29 20:25:00,4.5
TKT-00246,CUST-6538,2025-01-08 14:35:00,2025-01-11 18:59:00,Payment,,Critical,Resolved,Wire transfer not reflected,My payment failed but I was still charged. The order shows as cancelled.,Email,Rachel Green,2025-01-08 20:45:00,2025-01-11 06:20:00,4.4
TKT-00247,CUST-6526,2025-03-15 03:52:00,2025-03-18 11:41:00,Subscription,,Low,Resolved,Features missing from plan,My subscription auto-renewed but I was not notified about the renewal.,Email,David Kim,2025-03-15 06:45:00,2025-03-17 12:07:00,2.8
TKT-00248,CUST-4606,2025-01-09 22:28:00,2025-01-12 01:38:00,Billing,,High,Closed,Billing discrepancy,I noticed an unexpected charge on my account this month. The amount doesn't match my subscription plan.,Chat,David Kim,2025-01-10 01:21:00,2025-01-11 22:29:00,3.9
TKT-00249,CUST-1905,2025-05-29 02:47:00,2025-05-29 23:16:00,Billing,,Low,Resolved,Double charged for subscription,I was charged twice for the same transaction. I need an immediate refund for the duplicate charge.,Email,Anna Martinez,2025-05-29 07:48:00,2025-05-29 11:06:00,5.0
TKT-00250,CUST-6259,2025-01-18 14:19:00,2025-01-20 22:04:00,Payment,,Critical,Resolved,Duplicate payment,I was charged three times for a single purchase. I need the extra charges reversed.,Phone,Anna Martinez,2025-01-18 21:55:00,2025-01-20 14:05:00,3.9
TKT-00251,CUST-1102,2025-05-01 09:45:00,2025-05-02 03:48:00,Technical Issue,,High,Open,Data sync not working,I'm getting intermittent errors when trying to save my work. Data is being lost.,Phone,James Wilson,2025-05-01 20:32:00,,2.1
TKT-00252,CUST-5261,2025-03-16 16:52:00,2025-03-18 09:43:00,Subscription,,Critical,Closed,Features missing from plan,I was charged for a subscription I cancelled 3 months ago. This needs to be refunded.,Email,Anna Martinez,2025-03-17 04:46:00,2025-03-17 15:36:00,2.8
TKT-00253,CUST-4858,2025-05-27 05:03:00,2025-05-30 14:31:00,Technical Issue,,High,Open,Mobile app freeze,I've been experiencing slow loading times for the past week. Pages take over 30 seconds to load.,Email,David Kim,2025-05-27 08:37:00,,4.1
TKT-00254,CUST-6202,2025-06-08 13:48:00,2025-06-09 05:30:00,Billing,,Medium,Resolved,Unexpected fee on my account,I see a $49.99 charge but my plan should be $29.99. Please explain this discrepancy.,Chat,Chris Lee,2025-06-09 01:29:00,2025-06-08 18:05:00,3.2
TKT-00255,CUST-5071,2025-06-19 06:38:00,2025-06-21 17:30:00,Product Issue,,Low,Open,Packaging was broken,The product stopped working after just two days of normal use.,Chat,David Kim,2025-06-19 14:44:00,,3.5
TKT-00256,CUST-7799,2025-04-18 08:25:00,2025-04-18 16:06:00,Refund,,Medium,Open,Partial refund request,My refund amount is $20 less than what I paid. The difference hasn't been explained.,Phone,Chris Lee,2025-04-18 20:04:00,,1.0
TKT-00257,CUST-7872,2025-05-22 06:48:00,2025-05-25 12:23:00,Refund,,High,In Progress,Charge after returning item,I was told I'd receive a full refund but only got a partial amount.,Email,Lisa Thompson,2025-05-22 07:55:00,,4.0
TKT-00258,CUST-3732,2025-03-19 14:56:00,2025-03-22 20:40:00,Technical Issue,,Medium,Closed,Feature not working,I'm getting intermittent errors when trying to save my work. Data is being lost.,Chat,Chris Lee,2025-03-20 00:14:00,2025-03-22 01:44:00,2.4
TKT-00259,CUST-5338,2025-05-30 19:30:00,2025-06-02 05:08:00,Billing,,High,Resolved,Double charged for subscription,I was charged twice for the same transaction. I need an immediate refund for the duplicate charge.,Email,Chris Lee,2025-05-31 06:08:00,2025-06-01 05:48:00,4.7
TKT-00260,CUST-3632,2025-05-31 22:37:00,2025-06-03 12:49:00,Technical Issue,,Critical,Closed,API returning errors,The export feature has stopped working since the last update. I get a 500 error.,Web,Chris Lee,2025-05-31 23:36:00,2025-06-03 00:53:00,4.2
TKT-00261,CUST-5630,2025-01-09 23:23:00,2025-01-13 00:35:00,Technical Issue,,High,Resolved,Feature not working,The mobile app freezes frequently and I have to force close it to continue.,Chat,Sarah Johnson,2025-01-10 09:01:00,2025-01-12 12:23:00,3.9
TKT-00262,CUST-7323,2025-03-08 03:40:00,2025-03-09 10:54:00,Subscription,,Critical,Resolved,Cancellation confirmation not received,I was charged for a subscription I cancelled 3 months ago. This needs to be refunded.,Chat,James Wilson,2025-03-08 11:07:00,2025-03-08 11:56:00,3.9
TKT-00263,CUST-1174,2025-01-10 20:19:00,2025-01-12 21:52:00,Shipping,,High,In Progress,Delivery late,My order was supposed to arrive 5 days ago but tracking still shows it's in transit.,Email,Lisa Thompson,2025-01-11 05:02:00,,3.6
TKT-00264,CUST-1670,2025-04-20 13:51:00,2025-04-23 11:20:00,Account Access,,Medium,In Progress,SSO login failing,I've been locked out of my account after entering my password incorrectly a few times.,Email,Sarah Johnson,2025-04-20 14:06:00,,4.4
TKT-00265,CUST-3841,2025-02-28 06:37:00,2025-03-02 10:23:00,Payment,,High,Open,Cannot add payment method,I can't add my new credit card to my account. It keeps saying invalid card.,Chat,James Wilson,2025-02-28 15:05:00,,3.6
TKT-00266,CUST-5571,2025-01-06 15:05:00,2025-01-10 06:12:00,Billing,,Medium,Closed,Charge after cancellation,The promotional pricing I signed up for is not reflected in my latest bill.,Chat,Sarah Johnson,2025-01-06 22:36:00,2025-01-09 10:55:00,2.8
TKT-00267,CUST-8371,2025-01-28 06:50:00,2025-01-29 23:28:00,Account Access,,High,Resolved,SSO login failing,My account shows as suspended but I haven't violated any terms.,Chat,Chris Lee,2025-01-28 07:42:00,2025-01-29 23:10:00,3.6
TKT-00268,CUST-3293,2025-02-17 07:16:00,2025-02-20 03:52:00,Billing,,High,In Progress,Billing discrepancy,I was charged twice for the same transaction. I need an immediate refund for the duplicate charge.,Email,Emily Rodriguez,2025-02-17 18:35:00,,3.7
TKT-00269,CUST-3546,2025-02-16 05:48:00,2025-02-18 06:50:00,Product Issue,,Medium,Resolved,Size mismatch,I ordered size Large but received a Medium. The label on the product says Medium.,Phone,Emily Rodriguez,2025-02-16 17:35:00,2025-02-18 03:28:00,3.3
TKT-00270,CUST-5710,2025-04-08 00:36:00,2025-04-10 13:43:00,Account Access,,High,Resolved,Cannot change email,I've been locked out of my account after entering my password incorrectly a few times.,Phone,Chris Lee,2025-04-08 05:37:00,2025-04-10 01:01:00,3.5
TKT-00271,CUST-9092,2025-03-08 15:55:00,2025-03-10 12:30:00,Technical Issue,,Critical,Resolved,API returning errors,I've been experiencing slow loading times for the past week. Pages take over 30 seconds to load.,Email,Chris Lee,2025-03-08 20:15:00,2025-03-10 03:33:00,2.6
TKT-00272,CUST-2529,2025-02-26 15:37:00,2025-02-28 16:41:00,Refund,,Medium,Resolved,Want refund for defective product,"I'm being charged a restocking fee for a defective product return, which seems unfair.",Email,Emily Rodriguez,2025-02-26 19:17:00,2025-02-28 04:37:00,4.0
TKT-00273,CUST-4579,2025-01-06 15:19:00,2025-01-07 02:50:00,Billing,,High,Resolved,Billing discrepancy,I was charged twice for the same transaction. I need an immediate refund for the duplicate charge.,Web,Rachel Green,2025-01-06 22:46:00,2025-01-06 15:59:00,4.1
TKT-00274,CUST-7040,2025-02-18 12:49:00,2025-02-19 03:04:00,Billing,,High,Open,Unexpected fee on my account,I see a $49.99 charge but my plan should be $29.99. Please explain this discrepancy.,Email,Rachel Green,2025-02-18 23:37:00,,2.7
TKT-00275,CUST-2825,2025-03-06 14:23:00,2025-03-10 03:07:00,Billing,,Low,In Progress,Promotional pricing not applied,I was charged twice for the same transaction. I need an immediate refund for the duplicate charge.,Email,Lisa Thompson,2025-03-06 23:22:00,,2.7
TKT-00276,CUST-7297,2025-06-22 03:15:00,2025-06-24 06:08:00,Billing,,Medium,Resolved,Unexpected fee on my account,I was charged twice for the same transaction. I need an immediate refund for the duplicate charge.,Phone,Emily Rodriguez,2025-06-22 07:37:00,2025-06-23 13:22:00,2.4
TKT-00277,CUST-9612,2025-02-22 16:37:00,2025-02-25 14:16:00,Subscription,,High,Resolved,Trial charged early,I tried to cancel my subscription but the cancel button is not working.,Email,Rachel Green,2025-02-23 01:34:00,2025-02-25 06:14:00,4.5
TKT-00278,CUST-2271,2025-03-15 16:43:00,2025-03-17 19:21:00,Shipping,,Medium,Open,International shipping delay,My order was supposed to arrive 5 days ago but tracking still shows it's in transit.,Chat,Chris Lee,2025-03-16 03:06:00,,4.2
TKT-00279,CUST-5008,2025-04-03 12:52:00,2025-04-05 13:49:00,Subscription,,Critical,Closed,Annual vs monthly billing confusion,My subscription auto-renewed but I was not notified about the renewal.,Phone,Chris Lee,2025-04-03 15:26:00,2025-04-04 14:14:00,4.1
TKT-00280,CUST-6870,2025-02-13 12:21:00,2025-02-15 14:15:00,Product Issue,,Low,Closed,Quality below expectations,The product stopped working after just two days of normal use.,Web,Sarah Johnson,2025-02-13 20:20:00,2025-02-14 15:23:00,4.8
TKT-00281,CUST-8285,2025-01-13 11:29:00,2025-01-14 15:58:00,Refund,,Medium,In Progress,Credit not applied,"I'm being charged a restocking fee for a defective product return, which seems unfair.",Chat,Emily Rodriguez,2025-01-13 14:25:00,,4.8
TKT-00282,CUST-6561,2025-05-09 16:52:00,2025-05-12 01:37:00,Billing,,Medium,Resolved,Billing discrepancy,I see a $49.99 charge but my plan should be $29.99. Please explain this discrepancy.,Email,Lisa Thompson,2025-05-10 02:08:00,2025-05-11 18:39:00,3.4
TKT-00283,CUST-4445,2025-02-10 23:55:00,2025-02-11 12:27:00,Account Access,,High,Resolved,Profile not updating,The two-factor authentication codes from my authenticator app are not being accepted.,Email,Lisa Thompson,2025-02-11 03:14:00,2025-02-11 11:36:00,4.4
TKT-00284,CUST-9942,2025-04-24 05:17:00,2025-04-27 04:07:00,Technical Issue,,High,Resolved,API returning errors,I'm getting intermittent errors when trying to save my work. Data is being lost.,Phone,Sarah Johnson,2025-04-24 12:37:00,2025-04-26 14:47:00,4.1
TKT-00285,CUST-6384,2025-06-03 14:11:00,2025-06-05 22:42:00,Account Access,,Medium,Closed,Permission denied,My account shows as suspended but I haven't violated any terms.,Chat,James Wilson,2025-06-03 15:53:00,2025-06-05 19:48:00,4.4
TKT-00286,CUST-2584,2025-06-14 07:43:00,2025-06-16 10:14:00,Product Issue,,Medium,Resolved,Product arrived damaged,The product I received has visible damage. The box was intact but the item inside was cracked.,Phone,Anna Martinez,2025-06-14 14:29:00,2025-06-15 15:30:00,4.1
TKT-00287,CUST-8679,2025-06-11 13:14:00,2025-06-13 17:16:00,Product Issue,,Critical,Closed,Quality below expectations,The product stopped working after just two days of normal use.,Email,David Kim,2025-06-11 20:02:00,2025-06-12 17:29:00,3.3
TKT-00288,CUST-9245,2025-06-16 05:41:00,2025-06-17 22:27:00,Billing,,High,Resolved,Promotional pricing not applied,I was charged twice for the same transaction. I need an immediate refund for the duplicate charge.,Email,Anna Martinez,2025-06-16 08:10:00,2025-06-17 15:55:00,3.6
TKT-00289,CUST-9589,2025-02-02 00:20:00,2025-02-02 03:23:00,Product Issue,,High,Resolved,Missing items in order,The product quality is significantly lower than what was advertised on the website.,Chat,Mike Chen,2025-02-02 07:00:00,2025-02-02 01:50:00,2.8
TKT-00290,CUST-6611,2025-03-03 03:50:00,2025-03-06 11:03:00,Billing,,Medium,Open,Charge after cancellation,My invoice shows a different amount than what was agreed upon. Please review and correct.,Phone,David Kim,2025-03-03 09:23:00,,3.4
TKT-00291,CUST-3458,2025-02-08 07:55:00,2025-02-08 20:16:00,Technical Issue,,High,In Progress,Feature not working,I've been experiencing slow loading times for the past week. Pages take over 30 seconds to load.,Web,Rachel Green,2025-02-08 14:55:00,,4.0
TKT-00292,CUST-9776,2025-06-05 22:13:00,2025-06-08 23:57:00,Refund,,High,Resolved,Refund amount incorrect,It's been over a month since I returned the defective product. No refund or update.,Chat,Sarah Johnson,2025-06-06 09:11:00,2025-06-08 20:27:00,4.1
TKT-00293,CUST-1570,2025-03-04 22:44:00,2025-03-07 10:00:00,Product Issue,,Low,Resolved,Size mismatch,The product quality is significantly lower than what was advertised on the website.,Chat,Emily Rodriguez,2025-03-05 03:49:00,2025-03-06 20:34:00,3.0
TKT-00294,CUST-7003,2025-01-16 07:07:00,2025-01-20 03:05:00,Billing,,High,Closed,Charge after cancellation,I was charged twice for the same transaction. I need an immediate refund for the duplicate charge.,Web,Chris Lee,2025-01-16 10:02:00,2025-01-19 03:12:00,5.0
TKT-00295,CUST-4278,2025-01-16 06:55:00,2025-01-19 08:23:00,Billing,,Medium,In Progress,Double charged for subscription,I was charged twice for the same transaction. I need an immediate refund for the duplicate charge.,Email,Sarah Johnson,2025-01-16 13:34:00,,3.9
TKT-00296,CUST-5159,2025-03-13 20:18:00,2025-03-14 14:13:00,Account Access,,Critical,Open,Profile not updating,I need to update my email address but the system won't let me verify the new one.,Web,David Kim,2025-03-13 22:51:00,,3.3
TKT-00297,CUST-5229,2025-02-28 09:16:00,2025-03-02 04:31:00,Account Access,,High,In Progress,Account verification failed,I can't access my account even though I'm using the correct credentials.,Chat,Mike Chen,2025-02-28 09:22:00,,4.6
TKT-00298,CUST-4820,2025-02-09 04:40:00,2025-02-11 10:05:00,Product Issue,,Critical,Closed,Packaging was broken,The product I received has visible damage. The box was intact but the item inside was cracked.,Chat,Lisa Thompson,2025-02-09 06:26:00,2025-02-11 03:03:00,4.8
TKT-00299,CUST-4127,2025-04-14 19:32:00,2025-04-16 14:56:00,Billing,,Low,Resolved,Promotional pricing not applied,I noticed an unexpected charge on my account this month. The amount doesn't match my subscription plan.,Phone,Rachel Green,2025-04-15 00:27:00,2025-04-16 11:08:00,3.9
TKT-00300,CUST-8653,2025-05-17 11:37:00,2025-05-17 21:16:00,Payment,,Medium,In Progress,Wire transfer not reflected,The checkout process times out when I try to complete my purchase.,Phone,Sarah Johnson,2025-05-17 13:00:00,,3.4
TKT-00301,CUST-8866,2025-02-01 10:46:00,2025-02-05 00:53:00,Billing,,Critical,Resolved,Tax calculation error,I see a $49.99 charge but my plan should be $29.99. Please explain this discrepancy.,Web,David Kim,2025-02-01 13:18:00,2025-02-04 05:16:00,4.3
TKT-00302,CUST-3285,2025-04-04 15:23:00,2025-04-07 13:24:00,Product Issue,,Critical,Open,Size mismatch,The product stopped working after just two days of normal use.,Phone,James Wilson,2025-04-05 01:05:00,,3.5
TKT-00303,CUST-1456,2025-04-08 17:09:00,2025-04-10 17:54:00,Subscription,,Critical,Closed,Trial charged early,I tried to cancel my subscription but the cancel button is not working.,Email,Rachel Green,2025-04-08 18:14:00,2025-04-10 11:14:00,3.2
TKT-00304,CUST-1119,2025-01-29 15:29:00,2025-01-31 01:44:00,Technical Issue,,Critical,In Progress,Website not loading properly,I'm getting intermittent errors when trying to save my work. Data is being lost.,Web,Rachel Green,2025-01-29 19:14:00,,3.5
TKT-00305,CUST-9300,2025-01-18 21:49:00,2025-01-20 14:53:00,Shipping,,Critical,Resolved,Delivery attempted but no notice,The shipping address was changed without my authorization and the package went to the wrong location.,Phone,Sarah Johnson,2025-01-19 05:21:00,2025-01-19 19:47:00,3.4
TKT-00306,CUST-7727,2025-05-01 11:08:00,2025-05-04 07:47:00,Login,,High,Resolved,Username taken error,I can't create a new account. It says my email is already registered.,Chat,Lisa Thompson,2025-05-01 16:37:00,2025-05-04 03:51:00,5.0
TKT-00307,CUST-9518,2025-06-27 07:00:00,2025-06-30 13:43:00,Subscription,,Critical,In Progress,Subscription renewed unexpectedly,I tried to cancel my subscription but the cancel button is not working.,Email,Mike Chen,2025-06-27 13:58:00,,3.7
TKT-00308,CUST-7349,2025-01-24 23:33:00,2025-01-27 14:44:00,Product Issue,,Medium,Closed,Product arrived damaged,Missing several components that were listed in the product description.,Email,James Wilson,2025-01-25 08:24:00,2025-01-27 03:09:00,3.0
TKT-00309,CUST-5478,2025-04-18 00:34:00,2025-04-18 19:38:00,Product Issue,,High,Closed,Product defect,I ordered size Large but received a Medium. The label on the product says Medium.,Phone,David Kim,2025-04-18 10:48:00,2025-04-18 08:02:00,4.1
TKT-00310,CUST-3211,2025-06-01 02:04:00,2025-06-02 08:55:00,Account Access,,High,Closed,Cannot access my account,The two-factor authentication codes from my authenticator app are not being accepted.,Web,Rachel Green,2025-06-01 09:31:00,2025-06-01 20:52:00,2.0
TKT-00311,CUST-9640,2025-03-09 02:34:00,2025-03-11 20:25:00,Billing,,Medium,In Progress,Invoice incorrect,The promotional pricing I signed up for is not reflected in my latest bill.,Web,Rachel Green,2025-03-09 04:42:00,,4.3
TKT-00312,CUST-8994,2025-04-06 12:44:00,2025-04-07 15:07:00,Technical Issue,,Medium,Resolved,Integration failing,The application crashes every time I try to open the dashboard. I've tried clearing cache but it doesn't help.,Email,Sarah Johnson,2025-04-06 19:54:00,2025-04-07 11:57:00,3.1
TKT-00313,CUST-9505,2025-01-12 11:40:00,2025-01-14 19:20:00,Subscription,,High,In Progress,Plan upgrade not working,I upgraded my plan but I'm still being charged the old rate AND the new rate.,Phone,Tom Baker,2025-01-12 21:56:00,,3.4
TKT-00314,CUST-6111,2025-02-19 11:16:00,2025-02-20 11:56:00,Subscription,,High,In Progress,Cancellation confirmation not received,I was charged for a subscription I cancelled 3 months ago. This needs to be refunded.,Email,Lisa Thompson,2025-02-19 18:16:00,,3.3
TKT-00315,CUST-9226,2025-04-14 04:06:00,2025-04-15 20:22:00,Billing,,High,Closed,Billing discrepancy,I see a $49.99 charge but my plan should be $29.99. Please explain this discrepancy.,Email,Chris Lee,2025-04-14 05:18:00,2025-04-14 20:36:00,4.5
TKT-00316,CUST-8826,2025-01-07 17:17:00,2025-01-09 14:54:00,Billing,,Low,Resolved,Invoice incorrect,I was charged twice for the same transaction. I need an immediate refund for the duplicate charge.,Web,Emily Rodriguez,2025-01-08 00:40:00,2025-01-09 10:21:00,3.6
TKT-00317,CUST-6617,2025-01-08 05:44:00,2025-01-10 15:31:00,Account Access,,Critical,In Progress,Cannot change email,I've been locked out of my account after entering my password incorrectly a few times.,Chat,David Kim,2025-01-08 11:41:00,,3.8
TKT-00318,CUST-1512,2025-01-17 23:15:00,2025-01-20 07:35:00,Account Access,,Medium,Closed,Cannot change email,My account shows as suspended but I haven't violated any terms.,Email,Tom Baker,2025-01-18 03:10:00,2025-01-19 21:37:00,5.0
TKT-00319,CUST-9210,2025-02-20 07:10:00,2025-02-22 04:19:00,Technical Issue,,Medium,Resolved,App crashes on login,The export feature has stopped working since the last update. I get a 500 error.,Chat,Rachel Green,2025-02-20 12:36:00,2025-02-21 12:31:00,3.8
TKT-00320,CUST-6825,2025-06-22 17:53:00,2025-06-26 02:58:00,Technical Issue,,Medium,Closed,App crashes on login,The mobile app freezes frequently and I have to force close it to continue.,Phone,Emily Rodriguez,2025-06-23 04:33:00,2025-06-25 13:41:00,4.1
TKT-00321,CUST-3894,2025-02-06 12:13:00,2025-02-08 22:58:00,Technical Issue,,Low,In Progress,API returning errors,The application crashes every time I try to open the dashboard. I've tried clearing cache but it doesn't help.,Email,Anna Martinez,2025-02-06 16:10:00,,4.4
TKT-00322,CUST-4488,2025-01-11 09:28:00,2025-01-12 07:33:00,Technical Issue,,Low,Resolved,Website not loading properly,I'm getting intermittent errors when trying to save my work. Data is being lost.,Chat,Mike Chen,2025-01-11 14:58:00,2025-01-11 11:28:00,3.9
TKT-00323,CUST-3228,2025-06-12 08:01:00,2025-06-12 21:53:00,Product Issue,,Low,Open,Product defect,The product quality is significantly lower than what was advertised on the website.,Chat,James Wilson,2025-06-12 10:52:00,,2.8
TKT-00324,CUST-5632,2025-01-24 05:47:00,2025-01-26 15:52:00,Login,,Medium,Closed,Cannot create account,I've requested a password reset multiple times but never receive the email.,Email,Lisa Thompson,2025-01-24 14:09:00,2025-01-25 17:18:00,3.9
TKT-00325,CUST-3568,2025-01-22 22:48:00,2025-01-24 00:57:00,Payment,,Medium,In Progress,Cannot add payment method,My payment failed but I was still charged. The order shows as cancelled.,Email,Lisa Thompson,2025-01-23 05:39:00,,2.5
TKT-00326,CUST-3755,2025-03-31 06:19:00,2025-04-02 18:47:00,Shipping,,Critical,Closed,Tracking not updating,I need to return an item but haven't received a shipping label after requesting one.,Email,Lisa Thompson,2025-03-31 07:36:00,2025-04-02 18:19:00,4.0
TKT-00327,CUST-6794,2025-02-16 11:22:00,2025-02-19 09:43:00,Billing,,High,Closed,Monthly bill too high,I was charged twice for the same transaction. I need an immediate refund for the duplicate charge.,Phone,Sarah Johnson,2025-02-16 22:30:00,2025-02-19 08:38:00,2.9
TKT-00328,CUST-9839,2025-06-16 19:21:00,2025-06-17 11:26:00,Billing,,High,Closed,Wrong amount billed,The promotional pricing I signed up for is not reflected in my latest bill.,Chat,Mike Chen,2025-06-16 21:11:00,2025-06-17 00:25:00,5.0
TKT-00329,CUST-5494,2025-01-02 10:21:00,2025-01-03 14:56:00,Technical Issue,,Critical,Closed,Integration failing,The mobile app freezes frequently and I have to force close it to continue.,Chat,Rachel Green,2025-01-02 20:54:00,2025-01-03 09:10:00,2.3
TKT-00330,CUST-4712,2025-02-20 20:44:00,2025-02-23 18:40:00,Subscription,,Medium,Resolved,Annual vs monthly billing confusion,I upgraded my plan but I'm still being charged the old rate AND the new rate.,Phone,Chris Lee,2025-02-21 05:38:00,2025-02-23 00:52:00,4.4
TKT-00331,CUST-3766,2025-05-29 17:38:00,2025-06-01 00:35:00,Refund,,High,Closed,Exchange instead of refund,It's been over a month since I returned the defective product. No refund or update.,Chat,Lisa Thompson,2025-05-30 03:28:00,2025-05-31 02:45:00,3.1
TKT-00332,CUST-4003,2025-02-16 16:06:00,2025-02-17 14:59:00,Subscription,,Medium,In Progress,Cannot cancel subscription,My subscription auto-renewed but I was not notified about the renewal.,Email,Lisa Thompson,2025-02-16 23:54:00,,3.6
TKT-00333,CUST-2651,2025-04-13 04:29:00,2025-04-16 08:05:00,Product Issue,,Medium,Resolved,Wrong product received,Missing several components that were listed in the product description.,Email,Emily Rodriguez,2025-04-13 16:15:00,2025-04-15 08:50:00,2.5
TKT-00334,CUST-9623,2025-05-18 16:06:00,2025-05-19 18:57:00,Billing,,High,Resolved,Wrong amount billed,My invoice shows a different amount than what was agreed upon. Please review and correct.,Email,Emily Rodriguez,2025-05-18 16:35:00,2025-05-19 14:38:00,3.0
TKT-00335,CUST-2645,2025-05-31 08:56:00,2025-06-02 11:26:00,Billing,,Medium,Closed,Promotional pricing not applied,I see a $49.99 charge but my plan should be $29.99. Please explain this discrepancy.,Chat,Sarah Johnson,2025-05-31 18:45:00,2025-06-01 14:24:00,3.2
TKT-00336,CUST-7696,2025-03-03 06:38:00,2025-03-04 06:24:00,Technical Issue,,High,In Progress,Memory leak in application,I'm getting intermittent errors when trying to save my work. Data is being lost.,Chat,Tom Baker,2025-03-03 10:52:00,,4.5
TKT-00337,CUST-5231,2025-02-27 23:28:00,2025-03-02 21:47:00,Billing,,Medium,Closed,Charge after cancellation,The promotional pricing I signed up for is not reflected in my latest bill.,Chat,Rachel Green,2025-02-28 04:37:00,2025-03-02 18:27:00,4.2
TKT-00338,CUST-3813,2025-05-09 12:38:00,2025-05-11 19:13:00,Billing,,Medium,Closed,Monthly bill too high,I see a $49.99 charge but my plan should be $29.99. Please explain this discrepancy.,Web,Mike Chen,2025-05-09 15:45:00,2025-05-11 18:30:00,3.3
TKT-00339,CUST-7024,2025-05-08 17:06:00,2025-05-10 17:39:00,Billing,,Medium,Resolved,Unexpected fee on my account,The promotional pricing I signed up for is not reflected in my latest bill.,Phone,Mike Chen,2025-05-08 18:39:00,2025-05-10 03:14:00,5.0
TKT-00340,CUST-2915,2025-04-29 04:44:00,2025-04-29 07:29:00,Product Issue,,Medium,In Progress,Quality below expectations,I ordered size Large but received a Medium. The label on the product says Medium.,Phone,Chris Lee,2025-04-29 07:42:00,,3.6
TKT-00341,CUST-8181,2025-03-30 11:19:00,2025-04-01 18:27:00,Technical Issue,,Critical,Resolved,Data sync not working,I've been experiencing slow loading times for the past week. Pages take over 30 seconds to load.,Phone,Emily Rodriguez,2025-03-30 18:08:00,2025-04-01 08:42:00,4.8
TKT-00342,CUST-3123,2025-03-16 15:27:00,2025-03-19 21:54:00,Billing,,Critical,In Progress,Wrong amount billed,The promotional pricing I signed up for is not reflected in my latest bill.,Chat,Lisa Thompson,2025-03-16 15:40:00,,3.1
TKT-00343,CUST-1261,2025-02-27 21:45:00,2025-03-01 04:44:00,Billing,,Medium,Closed,Double charged for subscription,I was charged twice for the same transaction. I need an immediate refund for the duplicate charge.,Web,Lisa Thompson,2025-02-28 08:50:00,2025-02-28 13:32:00,2.4
TKT-00344,CUST-8030,2025-05-31 01:58:00,2025-06-01 11:05:00,Account Access,,Medium,Closed,Account verification failed,My account shows as suspended but I haven't violated any terms.,Email,James Wilson,2025-05-31 08:22:00,2025-05-31 17:22:00,3.0
TKT-00345,CUST-8386,2025-03-27 14:34:00,2025-03-30 08:22:00,Billing,,Critical,Open,Double charged for subscription,I was charged twice for the same transaction. I need an immediate refund for the duplicate charge.,Web,Anna Martinez,2025-03-27 15:52:00,,3.1
TKT-00346,CUST-3553,2025-04-18 10:34:00,2025-04-21 06:06:00,Billing,,Critical,Resolved,Unexpected fee on my account,I noticed an unexpected charge on my account this month. The amount doesn't match my subscription plan.,Chat,Mike Chen,2025-04-18 16:42:00,2025-04-20 16:18:00,4.2
TKT-00347,CUST-7598,2025-02-23 01:31:00,2025-02-23 19:36:00,Technical Issue,,Low,Open,App crashes on login,The export feature has stopped working since the last update. I get a 500 error.,Email,Emily Rodriguez,2025-02-23 07:55:00,,3.9
TKT-00348,CUST-7895,2025-02-28 00:56:00,2025-03-01 01:16:00,Technical Issue,,High,Resolved,Mobile app freeze,I've been experiencing slow loading times for the past week. Pages take over 30 seconds to load.,Web,Tom Baker,2025-02-28 12:47:00,2025-02-28 03:19:00,4.2
TKT-00349,CUST-9417,2025-04-14 15:08:00,2025-04-15 13:25:00,Account Access,,Medium,Resolved,Permission denied,My account shows as suspended but I haven't violated any terms.,Chat,Sarah Johnson,2025-04-14 21:58:00,2025-04-15 05:08:00,5.0
TKT-00350,CUST-9493,2025-05-03 02:34:00,2025-05-05 04:04:00,Account Access,,Medium,Resolved,Account suspended,My account shows as suspended but I haven't violated any terms.,Chat,Chris Lee,2025-05-03 04:48:00,2025-05-04 07:57:00,4.5
TKT-00351,CUST-5910,2025-01-22 05:59:00,2025-01-24 16:42:00,Shipping,,Low,Open,Package not delivered,I need to return an item but haven't received a shipping label after requesting one.,Email,Mike Chen,2025-01-22 12:31:00,,4.4
TKT-00352,CUST-8593,2025-01-21 00:50:00,2025-01-23 17:17:00,Technical Issue,,Medium,In Progress,System error occurred,I'm getting intermittent errors when trying to save my work. Data is being lost.,Chat,Mike Chen,2025-01-21 04:17:00,,5.0
TKT-00353,CUST-8512,2025-04-30 21:23:00,2025-05-03 06:16:00,Refund,,Critical,In Progress,Credit not applied,I was told I'd receive a full refund but only got a partial amount.,Phone,Sarah Johnson,2025-05-01 08:45:00,,1.0
TKT-00354,CUST-3702,2025-03-26 14:10:00,2025-03-29 10:11:00,Account Access,,Medium,Closed,Permission denied,The two-factor authentication codes from my authenticator app are not being accepted.,Phone,Anna Martinez,2025-03-26 14:59:00,2025-03-28 20:03:00,3.7
TKT-00355,CUST-7722,2025-05-15 18:30:00,2025-05-18 19:53:00,Technical Issue,,High,In Progress,Feature not working,The export feature has stopped working since the last update. I get a 500 error.,Email,Chris Lee,2025-05-15 20:34:00,,4.7
TKT-00356,CUST-9902,2025-03-04 12:47:00,2025-03-05 17:58:00,Subscription,,Low,Resolved,Cannot downgrade plan,I was charged for a subscription I cancelled 3 months ago. This needs to be refunded.,Chat,Tom Baker,2025-03-04 23:14:00,2025-03-04 18:25:00,3.8
TKT-00357,CUST-9686,2025-04-09 14:35:00,2025-04-12 09:56:00,Technical Issue,,Critical,Closed,Feature not working,The mobile app freezes frequently and I have to force close it to continue.,Email,James Wilson,2025-04-09 22:26:00,2025-04-12 01:56:00,3.1
TKT-00358,CUST-2167,2025-06-18 08:16:00,2025-06-20 08:18:00,Billing,,High,In Progress,Double charged for subscription,I was charged twice for the same transaction. I need an immediate refund for the duplicate charge.,Phone,Mike Chen,2025-06-18 09:47:00,,3.4
TKT-00359,CUST-2125,2025-03-29 07:02:00,2025-04-01 00:39:00,Billing,,Critical,Closed,Double charged for subscription,My invoice shows a different amount than what was agreed upon. Please review and correct.,Phone,Tom Baker,2025-03-29 08:35:00,2025-03-31 11:58:00,4.1
TKT-00360,CUST-2708,2025-04-20 14:20:00,2025-04-23 10:07:00,Shipping,,Low,In Progress,International shipping delay,The shipping address was changed without my authorization and the package went to the wrong location.,Chat,David Kim,2025-04-20 15:26:00,,3.3
TKT-00361,CUST-7331,2025-06-14 05:53:00,2025-06-15 05:30:00,Technical Issue,,Low,Open,Feature not working,I've been experiencing slow loading times for the past week. Pages take over 30 seconds to load.,Email,David Kim,2025-06-14 12:56:00,,4.3
TKT-00362,CUST-2665,2025-03-03 08:24:00,2025-03-04 06:14:00,Billing,,High,Closed,Wrong amount billed,The promotional pricing I signed up for is not reflected in my latest bill.,Email,Emily Rodriguez,2025-03-03 16:05:00,2025-03-03 13:26:00,3.8
TKT-00363,CUST-8859,2025-03-30 15:22:00,2025-04-01 19:32:00,Refund,,Medium,Open,Credit not applied,I was told I'd receive a full refund but only got a partial amount.,Email,James Wilson,2025-03-31 01:21:00,,4.7
TKT-00364,CUST-5010,2025-04-04 01:28:00,2025-04-06 21:24:00,Technical Issue,,High,Closed,API returning errors,The export feature has stopped working since the last update. I get a 500 error.,Phone,Sarah Johnson,2025-04-04 10:24:00,2025-04-06 04:31:00,2.9
TKT-00365,CUST-9136,2025-05-27 18:03:00,2025-05-30 01:07:00,Subscription,,High,In Progress,Features missing from plan,I was charged for a subscription I cancelled 3 months ago. This needs to be refunded.,Chat,Mike Chen,2025-05-27 21:01:00,,5.0
TKT-00366,CUST-9355,2025-05-30 09:53:00,2025-05-30 18:32:00,Refund,,Medium,In Progress,Refund amount incorrect,It's been over a month since I returned the defective product. No refund or update.,Phone,Tom Baker,2025-05-30 19:40:00,,2.9
TKT-00367,CUST-4765,2025-06-26 07:28:00,2025-06-28 08:32:00,Billing,,Medium,Open,Overcharge on my account,My invoice shows a different amount than what was agreed upon. Please review and correct.,Web,Anna Martinez,2025-06-26 12:20:00,,3.5
TKT-00368,CUST-9837,2025-04-19 02:06:00,2025-04-21 05:01:00,Account Access,,Medium,Open,Cannot change email,My account shows as suspended but I haven't violated any terms.,Email,David Kim,2025-04-19 13:49:00,,3.1
TKT-00369,CUST-3029,2025-03-04 14:14:00,2025-03-06 17:20:00,Technical Issue,,High,Resolved,Performance issues with dashboard,I've been experiencing slow loading times for the past week. Pages take over 30 seconds to load.,Web,Sarah Johnson,2025-03-04 22:08:00,2025-03-06 06:51:00,2.0
TKT-00370,CUST-6799,2025-06-25 10:48:00,2025-06-27 17:02:00,Refund,,Medium,Resolved,Refund denied unfairly,I returned my item 3 weeks ago but still haven't received my refund.,Phone,Chris Lee,2025-06-25 14:33:00,2025-06-27 10:57:00,2.8
TKT-00371,CUST-8991,2025-04-03 10:06:00,2025-04-06 17:03:00,Technical Issue,,High,Closed,Mobile app freeze,The mobile app freezes frequently and I have to force close it to continue.,Email,Anna Martinez,2025-04-03 16:58:00,2025-04-06 04:32:00,3.5
TKT-00372,CUST-9949,2025-04-02 23:26:00,2025-04-04 14:37:00,Subscription,,Medium,Open,Trial charged early,I tried to cancel my subscription but the cancel button is not working.,Email,Rachel Green,2025-04-03 04:10:00,,4.3
TKT-00373,CUST-1246,2025-03-26 08:15:00,2025-03-27 17:26:00,Technical Issue,,Medium,Resolved,System error occurred,I'm getting intermittent errors when trying to save my work. Data is being lost.,Phone,Mike Chen,2025-03-26 18:45:00,2025-03-26 20:23:00,2.3
TKT-00374,CUST-1046,2025-06-22 00:10:00,2025-06-24 02:30:00,Shipping,,Medium,Resolved,Tracking not updating,The tracking number provided is not updating and shows no movement for a week.,Phone,Anna Martinez,2025-06-22 02:27:00,2025-06-23 21:42:00,4.1
TKT-00375,CUST-1479,2025-04-07 15:32:00,2025-04-10 00:06:00,Billing,,Low,Resolved,Monthly bill too high,I was charged twice for the same transaction. I need an immediate refund for the duplicate charge.,Chat,Emily Rodriguez,2025-04-08 02:35:00,2025-04-09 01:22:00,3.0
TKT-00376,CUST-1232,2025-01-04 08:25:00,2025-01-07 20:42:00,Billing,,Medium,Open,Overcharge on my account,I noticed an unexpected charge on my account this month. The amount doesn't match my subscription plan.,Phone,Rachel Green,2025-01-04 08:46:00,,4.9
TKT-00377,CUST-1964,2025-05-23 01:20:00,2025-05-23 11:14:00,Technical Issue,,Medium,Resolved,Mobile app freeze,The application crashes every time I try to open the dashboard. I've tried clearing cache but it doesn't help.,Email,Chris Lee,2025-05-23 05:53:00,2025-05-23 06:20:00,3.9
TKT-00378,CUST-4820,2025-04-20 22:25:00,2025-04-21 20:58:00,Product Issue,,High,In Progress,Missing items in order,I ordered size Large but received a Medium. The label on the product says Medium.,Phone,Lisa Thompson,2025-04-21 03:29:00,,4.8
TKT-00379,CUST-6164,2025-02-01 07:41:00,2025-02-02 18:32:00,Billing,,Medium,Open,Charge after cancellation,I see a $49.99 charge but my plan should be $29.99. Please explain this discrepancy.,Email,Sarah Johnson,2025-02-01 08:45:00,,4.8
TKT-00380,CUST-5109,2025-06-01 23:39:00,2025-06-04 16:13:00,Product Issue,,Critical,In Progress,Product not as described,The product I received has visible damage. The box was intact but the item inside was cracked.,Chat,Rachel Green,2025-06-02 08:36:00,,3.1
TKT-00381,CUST-9607,2025-06-20 23:24:00,2025-06-24 01:07:00,Product Issue,,Medium,Closed,Color different from listing,The product stopped working after just two days of normal use.,Web,Sarah Johnson,2025-06-21 00:14:00,2025-06-23 12:27:00,4.4
TKT-00382,CUST-7410,2025-03-28 19:37:00,2025-04-01 05:01:00,Refund,,Low,Closed,Refund denied unfairly,I returned my item 3 weeks ago but still haven't received my refund.,Email,Mike Chen,2025-03-28 20:54:00,2025-03-31 15:00:00,4.4
TKT-00383,CUST-2694,2025-05-04 03:56:00,2025-05-05 21:56:00,Technical Issue,,High,Closed,Integration failing,The mobile app freezes frequently and I have to force close it to continue.,Email,James Wilson,2025-05-04 10:47:00,2025-05-05 16:19:00,3.6
TKT-00384,CUST-6986,2025-03-26 03:31:00,2025-03-26 12:04:00,Technical Issue,,High,Closed,Data sync not working,I'm getting intermittent errors when trying to save my work. Data is being lost.,Phone,David Kim,2025-03-26 08:58:00,2025-03-26 05:25:00,4.1
TKT-00385,CUST-6424,2025-04-04 10:44:00,2025-04-04 12:35:00,Technical Issue,,Critical,Resolved,Website not loading properly,I've been experiencing slow loading times for the past week. Pages take over 30 seconds to load.,Email,David Kim,2025-04-04 22:37:00,2025-04-04 11:52:00,2.0
TKT-00386,CUST-8602,2025-03-23 19:40:00,2025-03-26 07:48:00,Product Issue,,High,In Progress,Quality below expectations,Missing several components that were listed in the product description.,Phone,Anna Martinez,2025-03-24 02:58:00,,3.0
TKT-00387,CUST-5225,2025-06-11 18:31:00,2025-06-14 12:30:00,Billing,,High,Closed,Unexpected fee on my account,My invoice shows a different amount than what was agreed upon. Please review and correct.,Chat,Mike Chen,2025-06-12 00:56:00,2025-06-13 14:28:00,4.3
TKT-00388,CUST-3391,2025-02-17 15:05:00,2025-02-19 13:34:00,Technical Issue,,High,Open,App crashes on login,The export feature has stopped working since the last update. I get a 500 error.,Email,Tom Baker,2025-02-17 15:10:00,,3.5
TKT-00389,CUST-1293,2025-04-20 13:34:00,2025-04-21 10:11:00,Technical Issue,,Medium,In Progress,Website not loading properly,I'm getting intermittent errors when trying to save my work. Data is being lost.,Web,Chris Lee,2025-04-20 14:37:00,,4.5
TKT-00390,CUST-8919,2025-04-11 18:06:00,2025-04-13 04:01:00,Billing,,High,Resolved,Double charged for subscription,I noticed an unexpected charge on my account this month. The amount doesn't match my subscription plan.,Chat,Emily Rodriguez,2025-04-11 22:11:00,2025-04-13 03:33:00,5.0
TKT-00391,CUST-5579,2025-03-31 10:33:00,2025-04-01 01:20:00,Product Issue,,High,Resolved,Size mismatch,The product stopped working after just two days of normal use.,Phone,Emily Rodriguez,2025-03-31 14:50:00,2025-03-31 16:39:00,3.4
TKT-00392,CUST-5040,2025-06-04 23:19:00,2025-06-06 12:10:00,Technical Issue,,Medium,Closed,Memory leak in application,I've been experiencing slow loading times for the past week. Pages take over 30 seconds to load.,Phone,Anna Martinez,2025-06-05 10:46:00,2025-06-06 04:07:00,2.0
TKT-00393,CUST-6009,2025-02-24 13:25:00,2025-02-26 19:09:00,Product Issue,,Low,In Progress,Quality below expectations,The product stopped working after just two days of normal use.,Email,Anna Martinez,2025-02-24 15:17:00,,5.0
TKT-00394,CUST-5560,2025-01-24 04:35:00,2025-01-26 17:02:00,Subscription,,Low,Open,Cannot downgrade plan,I upgraded my plan but I'm still being charged the old rate AND the new rate.,Chat,Mike Chen,2025-01-24 13:09:00,,1.5
TKT-00395,CUST-5674,2025-06-14 00:46:00,2025-06-16 00:21:00,Technical Issue,,Low,Closed,API returning errors,I've been experiencing slow loading times for the past week. Pages take over 30 seconds to load.,Phone,Anna Martinez,2025-06-14 11:29:00,2025-06-15 17:49:00,3.5
TKT-00396,CUST-8932,2025-03-10 11:00:00,2025-03-13 12:48:00,Shipping,,Low,Resolved,Package not delivered,My order was supposed to arrive 5 days ago but tracking still shows it's in transit.,Email,James Wilson,2025-03-10 12:12:00,2025-03-13 05:46:00,5.0
TKT-00397,CUST-8545,2025-05-01 13:51:00,2025-05-04 12:04:00,Product Issue,,Medium,Resolved,Missing items in order,I ordered size Large but received a Medium. The label on the product says Medium.,Chat,Lisa Thompson,2025-05-02 00:24:00,2025-05-04 08:10:00,2.1
TKT-00398,CUST-1579,2025-06-10 21:57:00,2025-06-13 15:03:00,Technical Issue,,Medium,Closed,API returning errors,The application crashes every time I try to open the dashboard. I've tried clearing cache but it doesn't help.,Email,Anna Martinez,2025-06-11 00:34:00,2025-06-13 09:41:00,3.9
TKT-00399,CUST-8819,2025-06-28 17:00:00,2025-07-01 13:42:00,Account Access,,Critical,Resolved,Permission denied,I can't access my account even though I'm using the correct credentials.,Web,Anna Martinez,2025-06-28 22:43:00,2025-06-30 15:33:00,3.2
TKT-00400,CUST-1862,2025-02-17 19:13:00,2025-02-19 10:14:00,Technical Issue,,Medium,Resolved,Mobile app freeze,I'm getting intermittent errors when trying to save my work. Data is being lost.,Email,Mike Chen,2025-02-17 21:49:00,2025-02-19 05:07:00,4.7
